Date;Week;Day;Holiday
1-1-2010;1;6;1
2-1-2010;1;7;1
3-1-2010;2;1;1
4-1-2010;2;2;0
5-1-2010;2;3;0
6-1-2010;2;4;0
7-1-2010;2;5;0
8-1-2010;2;6;0
9-1-2010;2;7;0
10-1-2010;3;1;0
11-1-2010;3;2;0
12-1-2010;3;3;0
13-1-2010;3;4;0
14-1-2010;3;5;0
15-1-2010;3;6;0
16-1-2010;3;7;0
17-1-2010;4;1;0
18-1-2010;4;2;0
19-1-2010;4;3;0
20-1-2010;4;4;0
21-1-2010;4;5;0
22-1-2010;4;6;0
23-1-2010;4;7;0
24-1-2010;5;1;0
25-1-2010;5;2;0
26-1-2010;5;3;0
27-1-2010;5;4;0
28-1-2010;5;5;0
29-1-2010;5;6;0
30-1-2010;5;7;0
31-1-2010;6;1;0
1-2-2010;6;2;0
2-2-2010;6;3;0
3-2-2010;6;4;0
4-2-2010;6;5;0
5-2-2010;6;6;0
6-2-2010;6;7;0
7-2-2010;7;1;0
8-2-2010;7;2;0
9-2-2010;7;3;0
10-2-2010;7;4;0
11-2-2010;7;5;0
12-2-2010;7;6;0
13-2-2010;7;7;0
14-2-2010;8;1;0
15-2-2010;8;2;0
16-2-2010;8;3;0
17-2-2010;8;4;0
18-2-2010;8;5;0
19-2-2010;8;6;0
20-2-2010;8;7;1
21-2-2010;9;1;1
22-2-2010;9;2;1
23-2-2010;9;3;1
24-2-2010;9;4;1
25-2-2010;9;5;1
26-2-2010;9;6;1
27-2-2010;9;7;1
28-2-2010;10;1;1
1-3-2010;10;2;0
2-3-2010;10;3;0
3-3-2010;10;4;0
4-3-2010;10;5;0
5-3-2010;10;6;0
6-3-2010;10;7;0
7-3-2010;11;1;0
8-3-2010;11;2;0
9-3-2010;11;3;0
10-3-2010;11;4;0
11-3-2010;11;5;0
12-3-2010;11;6;0
13-3-2010;11;7;0
14-3-2010;12;1;0
15-3-2010;12;2;0
16-3-2010;12;3;0
17-3-2010;12;4;0
18-3-2010;12;5;0
19-3-2010;12;6;0
20-3-2010;12;7;0
21-3-2010;13;1;0
22-3-2010;13;2;0
23-3-2010;13;3;0
24-3-2010;13;4;0
25-3-2010;13;5;0
26-3-2010;13;6;0
27-3-2010;13;7;0
28-3-2010;14;1;0
29-3-2010;14;2;0
30-3-2010;14;3;0
31-3-2010;14;4;0
1-4-2010;14;5;0
2-4-2010;14;6;0
3-4-2010;14;7;0
4-4-2010;15;1;0
5-4-2010;15;2;0
6-4-2010;15;3;0
7-4-2010;15;4;0
8-4-2010;15;5;0
9-4-2010;15;6;0
10-4-2010;15;7;0
11-4-2010;16;1;0
12-4-2010;16;2;0
13-4-2010;16;3;0
14-4-2010;16;4;0
15-4-2010;16;5;0
16-4-2010;16;6;0
17-4-2010;16;7;0
18-4-2010;17;1;0
19-4-2010;17;2;0
20-4-2010;17;3;0
21-4-2010;17;4;0
22-4-2010;17;5;0
23-4-2010;17;6;0
24-4-2010;17;7;0
25-4-2010;18;1;0
26-4-2010;18;2;0
27-4-2010;18;3;0
28-4-2010;18;4;0
29-4-2010;18;5;0
30-4-2010;18;6;1
1-5-2010;18;7;1
2-5-2010;19;1;1
3-5-2010;19;2;1
4-5-2010;19;3;1
5-5-2010;19;4;1
6-5-2010;19;5;1
7-5-2010;19;6;1
8-5-2010;19;7;1
9-5-2010;20;1;1
10-5-2010;20;2;0
11-5-2010;20;3;0
12-5-2010;20;4;0
13-5-2010;20;5;0
14-5-2010;20;6;0
15-5-2010;20;7;0
16-5-2010;21;1;0
17-5-2010;21;2;0
18-5-2010;21;3;0
19-5-2010;21;4;0
20-5-2010;21;5;0
21-5-2010;21;6;0
22-5-2010;21;7;0
23-5-2010;22;1;0
24-5-2010;22;2;0
25-5-2010;22;3;0
26-5-2010;22;4;0
27-5-2010;22;5;0
28-5-2010;22;6;0
29-5-2010;22;7;0
30-5-2010;23;1;0
31-5-2010;23;2;0
1-6-2010;23;3;0
2-6-2010;23;4;0
3-6-2010;23;5;0
4-6-2010;23;6;0
5-6-2010;23;7;0
6-6-2010;24;1;0
7-6-2010;24;2;0
8-6-2010;24;3;0
9-6-2010;24;4;0
10-6-2010;24;5;0
11-6-2010;24;6;0
12-6-2010;24;7;0
13-6-2010;25;1;0
14-6-2010;25;2;0
15-6-2010;25;3;0
16-6-2010;25;4;0
17-6-2010;25;5;0
18-6-2010;25;6;0
19-6-2010;25;7;0
20-6-2010;26;1;0
21-6-2010;26;2;0
22-6-2010;26;3;0
23-6-2010;26;4;0
24-6-2010;26;5;0
25-6-2010;26;6;0
26-6-2010;26;7;0
27-6-2010;27;1;0
28-6-2010;27;2;0
29-6-2010;27;3;0
30-6-2010;27;4;0
1-7-2010;27;5;0
2-7-2010;27;6;0
3-7-2010;27;7;0
4-7-2010;28;1;0
5-7-2010;28;2;0
6-7-2010;28;3;0
7-7-2010;28;4;0
8-7-2010;28;5;0
9-7-2010;28;6;0
10-7-2010;28;7;1
11-7-2010;29;1;1
12-7-2010;29;2;1
13-7-2010;29;3;1
14-7-2010;29;4;1
15-7-2010;29;5;1
16-7-2010;29;6;1
17-7-2010;29;7;1
18-7-2010;30;1;1
19-7-2010;30;2;1
20-7-2010;30;3;1
21-7-2010;30;4;1
22-7-2010;30;5;1
23-7-2010;30;6;1
24-7-2010;30;7;1
25-7-2010;31;1;1
26-7-2010;31;2;1
27-7-2010;31;3;1
28-7-2010;31;4;1
29-7-2010;31;5;1
30-7-2010;31;6;1
31-7-2010;31;7;1
1-8-2010;32;1;1
2-8-2010;32;2;1
3-8-2010;32;3;1
4-8-2010;32;4;1
5-8-2010;32;5;1
6-8-2010;32;6;1
7-8-2010;32;7;1
8-8-2010;33;1;1
9-8-2010;33;2;1
10-8-2010;33;3;1
11-8-2010;33;4;1
12-8-2010;33;5;1
13-8-2010;33;6;1
14-8-2010;33;7;1
15-8-2010;34;1;1
16-8-2010;34;2;1
17-8-2010;34;3;1
18-8-2010;34;4;1
19-8-2010;34;5;1
20-8-2010;34;6;1
21-8-2010;34;7;1
22-8-2010;35;1;1
23-8-2010;35;2;1
24-8-2010;35;3;1
25-8-2010;35;4;1
26-8-2010;35;5;1
27-8-2010;35;6;1
28-8-2010;35;7;1
29-8-2010;36;1;1
30-8-2010;36;2;0
31-8-2010;36;3;0
1-9-2010;36;4;0
2-9-2010;36;5;0
3-9-2010;36;6;0
4-9-2010;36;7;0
5-9-2010;37;1;0
6-9-2010;37;2;0
7-9-2010;37;3;0
8-9-2010;37;4;0
9-9-2010;37;5;0
10-9-2010;37;6;0
11-9-2010;37;7;0
12-9-2010;38;1;0
13-9-2010;38;2;0
14-9-2010;38;3;0
15-9-2010;38;4;0
16-9-2010;38;5;0
17-9-2010;38;6;0
18-9-2010;38;7;0
19-9-2010;39;1;0
20-9-2010;39;2;0
21-9-2010;39;3;0
22-9-2010;39;4;0
23-9-2010;39;5;0
24-9-2010;39;6;0
25-9-2010;39;7;0
26-9-2010;40;1;0
27-9-2010;40;2;0
28-9-2010;40;3;0
29-9-2010;40;4;0
30-9-2010;40;5;0
1-10-2010;40;6;0
2-10-2010;40;7;0
3-10-2010;41;1;0
4-10-2010;41;2;0
5-10-2010;41;3;0
6-10-2010;41;4;0
7-10-2010;41;5;0
8-10-2010;41;6;0
9-10-2010;41;7;0
10-10-2010;42;1;0
11-10-2010;42;2;0
12-10-2010;42;3;0
13-10-2010;42;4;0
14-10-2010;42;5;0
15-10-2010;42;6;0
16-10-2010;42;7;0
17-10-2010;43;1;0
18-10-2010;43;2;0
19-10-2010;43;3;0
20-10-2010;43;4;0
21-10-2010;43;5;0
22-10-2010;43;6;0
23-10-2010;43;7;1
24-10-2010;44;1;1
25-10-2010;44;2;1
26-10-2010;44;3;1
27-10-2010;44;4;1
28-10-2010;44;5;1
29-10-2010;44;6;1
30-10-2010;44;7;1
31-10-2010;45;1;1
1-11-2010;45;2;0
2-11-2010;45;3;0
3-11-2010;45;4;0
4-11-2010;45;5;0
5-11-2010;45;6;0
6-11-2010;45;7;0
7-11-2010;46;1;0
8-11-2010;46;2;0
9-11-2010;46;3;0
10-11-2010;46;4;0
11-11-2010;46;5;0
12-11-2010;46;6;0
13-11-2010;46;7;0
14-11-2010;47;1;0
15-11-2010;47;2;0
16-11-2010;47;3;0
17-11-2010;47;4;0
18-11-2010;47;5;0
19-11-2010;47;6;0
20-11-2010;47;7;0
21-11-2010;48;1;0
22-11-2010;48;2;0
23-11-2010;48;3;0
24-11-2010;48;4;0
25-11-2010;48;5;0
26-11-2010;48;6;0
27-11-2010;48;7;0
28-11-2010;49;1;0
29-11-2010;49;2;0
30-11-2010;49;3;0
1-12-2010;49;4;0
2-12-2010;49;5;0
3-12-2010;49;6;0
4-12-2010;49;7;0
5-12-2010;50;1;0
6-12-2010;50;2;0
7-12-2010;50;3;0
8-12-2010;50;4;0
9-12-2010;50;5;0
10-12-2010;50;6;0
11-12-2010;50;7;0
12-12-2010;51;1;0
13-12-2010;51;2;0
14-12-2010;51;3;0
15-12-2010;51;4;0
16-12-2010;51;5;0
17-12-2010;51;6;0
18-12-2010;51;7;1
19-12-2010;52;1;1
20-12-2010;52;2;1
21-12-2010;52;3;1
22-12-2010;52;4;1
23-12-2010;52;5;1
24-12-2010;52;6;1
25-12-2010;52;7;1
26-12-2010;53;1;1
27-12-2010;53;2;1
28-12-2010;53;3;1
29-12-2010;53;4;1
30-12-2010;53;5;1
31-12-2010;53;6;1
1-1-2011;1;7;1
2-1-2011;2;1;1
3-1-2011;2;2;0
4-1-2011;2;3;0
5-1-2011;2;4;0
6-1-2011;2;5;0
7-1-2011;2;6;0
8-1-2011;2;7;0
9-1-2011;3;1;0
10-1-2011;3;2;0
11-1-2011;3;3;0
12-1-2011;3;4;0
13-1-2011;3;5;0
14-1-2011;3;6;0
15-1-2011;3;7;0
16-1-2011;4;1;0
17-1-2011;4;2;0
18-1-2011;4;3;0
19-1-2011;4;4;0
20-1-2011;4;5;0
21-1-2011;4;6;0
22-1-2011;4;7;0
23-1-2011;5;1;0
24-1-2011;5;2;0
25-1-2011;5;3;0
26-1-2011;5;4;0
27-1-2011;5;5;0
28-1-2011;5;6;0
29-1-2011;5;7;0
30-1-2011;6;1;0
31-1-2011;6;2;0
1-2-2011;6;3;0
2-2-2011;6;4;0
3-2-2011;6;5;0
4-2-2011;6;6;0
5-2-2011;6;7;0
6-2-2011;7;1;0
7-2-2011;7;2;0
8-2-2011;7;3;0
9-2-2011;7;4;0
10-2-2011;7;5;0
11-2-2011;7;6;0
12-2-2011;7;7;0
13-2-2011;8;1;0
14-2-2011;8;2;0
15-2-2011;8;3;0
16-2-2011;8;4;0
17-2-2011;8;5;0
18-2-2011;8;6;0
19-2-2011;8;7;1
20-2-2011;9;1;1
21-2-2011;9;2;1
22-2-2011;9;3;1
23-2-2011;9;4;1
24-2-2011;9;5;1
25-2-2011;9;6;1
26-2-2011;9;7;1
27-2-2011;10;1;1
28-2-2011;10;2;0
1-3-2011;10;3;0
2-3-2011;10;4;0
3-3-2011;10;5;0
4-3-2011;10;6;0
5-3-2011;10;7;0
6-3-2011;11;1;0
7-3-2011;11;2;0
8-3-2011;11;3;0
9-3-2011;11;4;0
10-3-2011;11;5;0
11-3-2011;11;6;0
12-3-2011;11;7;0
13-3-2011;12;1;0
14-3-2011;12;2;0
15-3-2011;12;3;0
16-3-2011;12;4;0
17-3-2011;12;5;0
18-3-2011;12;6;0
19-3-2011;12;7;0
20-3-2011;13;1;0
21-3-2011;13;2;0
22-3-2011;13;3;0
23-3-2011;13;4;0
24-3-2011;13;5;0
25-3-2011;13;6;0
26-3-2011;13;7;0
27-3-2011;14;1;0
28-3-2011;14;2;0
29-3-2011;14;3;0
30-3-2011;14;4;0
31-3-2011;14;5;0
1-4-2011;14;6;0
2-4-2011;14;7;0
3-4-2011;15;1;0
4-4-2011;15;2;0
5-4-2011;15;3;0
6-4-2011;15;4;0
7-4-2011;15;5;0
8-4-2011;15;6;0
9-4-2011;15;7;0
10-4-2011;16;1;0
11-4-2011;16;2;0
12-4-2011;16;3;0
13-4-2011;16;4;0
14-4-2011;16;5;0
15-4-2011;16;6;0
16-4-2011;16;7;0
17-4-2011;17;1;0
18-4-2011;17;2;0
19-4-2011;17;3;0
20-4-2011;17;4;0
21-4-2011;17;5;0
22-4-2011;17;6;0
23-4-2011;17;7;0
24-4-2011;18;1;0
25-4-2011;18;2;0
26-4-2011;18;3;0
27-4-2011;18;4;0
28-4-2011;18;5;0
29-4-2011;18;6;0
30-4-2011;18;7;1
1-5-2011;19;1;1
2-5-2011;19;2;1
3-5-2011;19;3;1
4-5-2011;19;4;1
5-5-2011;19;5;1
6-5-2011;19;6;1
7-5-2011;19;7;1
8-5-2011;20;1;1
9-5-2011;20;2;0
10-5-2011;20;3;0
11-5-2011;20;4;0
12-5-2011;20;5;0
13-5-2011;20;6;0
14-5-2011;20;7;0
15-5-2011;21;1;0
16-5-2011;21;2;0
17-5-2011;21;3;0
18-5-2011;21;4;0
19-5-2011;21;5;0
20-5-2011;21;6;0
21-5-2011;21;7;0
22-5-2011;22;1;0
23-5-2011;22;2;0
24-5-2011;22;3;0
25-5-2011;22;4;0
26-5-2011;22;5;0
27-5-2011;22;6;0
28-5-2011;22;7;0
29-5-2011;23;1;0
30-5-2011;23;2;0
31-5-2011;23;3;0
1-6-2011;23;4;0
2-6-2011;23;5;0
3-6-2011;23;6;0
4-6-2011;23;7;0
5-6-2011;24;1;0
6-6-2011;24;2;0
7-6-2011;24;3;0
8-6-2011;24;4;0
9-6-2011;24;5;0
10-6-2011;24;6;0
11-6-2011;24;7;0
12-6-2011;25;1;0
13-6-2011;25;2;0
14-6-2011;25;3;0
15-6-2011;25;4;0
16-6-2011;25;5;0
17-6-2011;25;6;0
18-6-2011;25;7;0
19-6-2011;26;1;0
20-6-2011;26;2;0
21-6-2011;26;3;0
22-6-2011;26;4;0
23-6-2011;26;5;0
24-6-2011;26;6;0
25-6-2011;26;7;0
26-6-2011;27;1;0
27-6-2011;27;2;0
28-6-2011;27;3;0
29-6-2011;27;4;0
30-6-2011;27;5;0
1-7-2011;27;6;0
2-7-2011;27;7;0
3-7-2011;28;1;0
4-7-2011;28;2;0
5-7-2011;28;3;0
6-7-2011;28;4;0
7-7-2011;28;5;0
8-7-2011;28;6;0
9-7-2011;28;7;0
10-7-2011;29;1;0
11-7-2011;29;2;0
12-7-2011;29;3;0
13-7-2011;29;4;0
14-7-2011;29;5;0
15-7-2011;29;6;0
16-7-2011;29;7;1
17-7-2011;30;1;1
18-7-2011;30;2;1
19-7-2011;30;3;1
20-7-2011;30;4;1
21-7-2011;30;5;1
22-7-2011;30;6;1
23-7-2011;30;7;1
24-7-2011;31;1;1
25-7-2011;31;2;1
26-7-2011;31;3;1
27-7-2011;31;4;1
28-7-2011;31;5;1
29-7-2011;31;6;1
30-7-2011;31;7;1
31-7-2011;32;1;1
1-8-2011;32;2;1
2-8-2011;32;3;1
3-8-2011;32;4;1
4-8-2011;32;5;1
5-8-2011;32;6;1
6-8-2011;32;7;1
7-8-2011;33;1;1
8-8-2011;33;2;1
9-8-2011;33;3;1
10-8-2011;33;4;1
11-8-2011;33;5;1
12-8-2011;33;6;1
13-8-2011;33;7;1
14-8-2011;34;1;1
15-8-2011;34;2;1
16-8-2011;34;3;1
17-8-2011;34;4;1
18-8-2011;34;5;1
19-8-2011;34;6;1
20-8-2011;34;7;1
21-8-2011;35;1;1
22-8-2011;35;2;1
23-8-2011;35;3;1
24-8-2011;35;4;1
25-8-2011;35;5;1
26-8-2011;35;6;1
27-8-2011;35;7;1
28-8-2011;36;1;1
29-8-2011;36;2;1
30-8-2011;36;3;1
31-8-2011;36;4;1
1-9-2011;36;5;1
2-9-2011;36;6;1
3-9-2011;36;7;1
4-9-2011;37;1;1
5-9-2011;37;2;0
6-9-2011;37;3;0
7-9-2011;37;4;0
8-9-2011;37;5;0
9-9-2011;37;6;0
10-9-2011;37;7;0
11-9-2011;38;1;0
12-9-2011;38;2;0
13-9-2011;38;3;0
14-9-2011;38;4;0
15-9-2011;38;5;0
16-9-2011;38;6;0
17-9-2011;38;7;0
18-9-2011;39;1;0
19-9-2011;39;2;0
20-9-2011;39;3;0
21-9-2011;39;4;0
22-9-2011;39;5;0
23-9-2011;39;6;0
24-9-2011;39;7;0
25-9-2011;40;1;0
26-9-2011;40;2;0
27-9-2011;40;3;0
28-9-2011;40;4;0
29-9-2011;40;5;0
30-9-2011;40;6;0
1-10-2011;40;7;0
2-10-2011;41;1;0
3-10-2011;41;2;0
4-10-2011;41;3;0
5-10-2011;41;4;0
6-10-2011;41;5;0
7-10-2011;41;6;0
8-10-2011;41;7;0
9-10-2011;42;1;0
10-10-2011;42;2;0
11-10-2011;42;3;0
12-10-2011;42;4;0
13-10-2011;42;5;0
14-10-2011;42;6;0
15-10-2011;42;7;1
16-10-2011;43;1;1
17-10-2011;43;2;1
18-10-2011;43;3;1
19-10-2011;43;4;1
20-10-2011;43;5;1
21-10-2011;43;6;1
22-10-2011;43;7;1
23-10-2011;44;1;1
24-10-2011;44;2;0
25-10-2011;44;3;0
26-10-2011;44;4;0
27-10-2011;44;5;0
28-10-2011;44;6;0
29-10-2011;44;7;0
30-10-2011;45;1;0
31-10-2011;45;2;0
1-11-2011;45;3;0
2-11-2011;45;4;0
3-11-2011;45;5;0
4-11-2011;45;6;0
5-11-2011;45;7;0
6-11-2011;46;1;0
7-11-2011;46;2;0
8-11-2011;46;3;0
9-11-2011;46;4;0
10-11-2011;46;5;0
11-11-2011;46;6;0
12-11-2011;46;7;0
13-11-2011;47;1;0
14-11-2011;47;2;0
15-11-2011;47;3;0
16-11-2011;47;4;0
17-11-2011;47;5;0
18-11-2011;47;6;0
19-11-2011;47;7;0
20-11-2011;48;1;0
21-11-2011;48;2;0
22-11-2011;48;3;0
23-11-2011;48;4;0
24-11-2011;48;5;0
25-11-2011;48;6;0
26-11-2011;48;7;0
27-11-2011;49;1;0
28-11-2011;49;2;0
29-11-2011;49;3;0
30-11-2011;49;4;0
1-12-2011;49;5;0
2-12-2011;49;6;0
3-12-2011;49;7;0
4-12-2011;50;1;0
5-12-2011;50;2;0
6-12-2011;50;3;0
7-12-2011;50;4;0
8-12-2011;50;5;0
9-12-2011;50;6;0
10-12-2011;50;7;0
11-12-2011;51;1;0
12-12-2011;51;2;0
13-12-2011;51;3;0
14-12-2011;51;4;0
15-12-2011;51;5;0
16-12-2011;51;6;0
17-12-2011;51;7;0
18-12-2011;52;1;0
19-12-2011;52;2;0
20-12-2011;52;3;0
21-12-2011;52;4;0
22-12-2011;52;5;0
23-12-2011;52;6;0
24-12-2011;52;7;1
25-12-2011;53;1;1
26-12-2011;53;2;1
27-12-2011;53;3;1
28-12-2011;53;4;1
29-12-2011;53;5;1
30-12-2011;53;6;1
31-12-2011;53;7;1
1-1-2012;1;1;1
2-1-2012;1;2;1
3-1-2012;1;3;1
4-1-2012;1;4;1
5-1-2012;1;5;1
6-1-2012;1;6;1
7-1-2012;1;7;1
8-1-2012;2;1;1
9-1-2012;2;2;0
10-1-2012;2;3;0
11-1-2012;2;4;0
12-1-2012;2;5;0
13-1-2012;2;6;0
14-1-2012;2;7;0
15-1-2012;3;1;0
16-1-2012;3;2;0
17-1-2012;3;3;0
18-1-2012;3;4;0
19-1-2012;3;5;0
20-1-2012;3;6;0
21-1-2012;3;7;0
22-1-2012;4;1;0
23-1-2012;4;2;0
24-1-2012;4;3;0
25-1-2012;4;4;0
26-1-2012;4;5;0
27-1-2012;4;6;0
28-1-2012;4;7;0
29-1-2012;5;1;0
30-1-2012;5;2;0
31-1-2012;5;3;0
1-2-2012;5;4;0
2-2-2012;5;5;0
3-2-2012;5;6;0
4-2-2012;5;7;0
5-2-2012;6;1;0
6-2-2012;6;2;0
7-2-2012;6;3;0
8-2-2012;6;4;0
9-2-2012;6;5;0
10-2-2012;6;6;0
11-2-2012;6;7;0
12-2-2012;7;1;0
13-2-2012;7;2;0
14-2-2012;7;3;0
15-2-2012;7;4;0
16-2-2012;7;5;0
17-2-2012;7;6;0
18-2-2012;7;7;0
19-2-2012;8;1;0
20-2-2012;8;2;0
21-2-2012;8;3;0
22-2-2012;8;4;0
23-2-2012;8;5;0
24-2-2012;8;6;0
25-2-2012;8;7;1
26-2-2012;9;1;1
27-2-2012;9;2;1
28-2-2012;9;3;1
29-2-2012;9;4;1
1-3-2012;9;5;1
2-3-2012;9;6;1
3-3-2012;9;7;1
4-3-2012;10;1;1
5-3-2012;10;2;0
6-3-2012;10;3;0
7-3-2012;10;4;0
8-3-2012;10;5;0
9-3-2012;10;6;0
10-3-2012;10;7;0
11-3-2012;11;1;0
12-3-2012;11;2;0
13-3-2012;11;3;0
14-3-2012;11;4;0
15-3-2012;11;5;0
16-3-2012;11;6;0
17-3-2012;11;7;0
18-3-2012;12;1;0
19-3-2012;12;2;0
20-3-2012;12;3;0
21-3-2012;12;4;0
22-3-2012;12;5;0
23-3-2012;12;6;0
24-3-2012;12;7;0
25-3-2012;13;1;0
26-3-2012;13;2;0
27-3-2012;13;3;0
28-3-2012;13;4;0
29-3-2012;13;5;0
30-3-2012;13;6;0
31-3-2012;13;7;0
1-4-2012;14;1;0
2-4-2012;14;2;0
3-4-2012;14;3;0
4-4-2012;14;4;0
5-4-2012;14;5;0
6-4-2012;14;6;0
7-4-2012;14;7;0
8-4-2012;15;1;0
9-4-2012;15;2;0
10-4-2012;15;3;0
11-4-2012;15;4;0
12-4-2012;15;5;0
13-4-2012;15;6;0
14-4-2012;15;7;0
15-4-2012;16;1;0
16-4-2012;16;2;0
17-4-2012;16;3;0
18-4-2012;16;4;0
19-4-2012;16;5;0
20-4-2012;16;6;0
21-4-2012;16;7;0
22-4-2012;17;1;0
23-4-2012;17;2;0
24-4-2012;17;3;0
25-4-2012;17;4;0
26-4-2012;17;5;0
27-4-2012;17;6;0
28-4-2012;17;7;1
29-4-2012;18;1;1
30-4-2012;18;2;1
1-5-2012;18;3;1
2-5-2012;18;4;1
3-5-2012;18;5;1
4-5-2012;18;6;1
5-5-2012;18;7;1
6-5-2012;19;1;1
7-5-2012;19;2;0
8-5-2012;19;3;0
9-5-2012;19;4;0
10-5-2012;19;5;0
11-5-2012;19;6;0
12-5-2012;19;7;0
13-5-2012;20;1;0
14-5-2012;20;2;0
15-5-2012;20;3;0
16-5-2012;20;4;0
17-5-2012;20;5;0
18-5-2012;20;6;0
19-5-2012;20;7;0
20-5-2012;21;1;0
21-5-2012;21;2;0
22-5-2012;21;3;0
23-5-2012;21;4;0
24-5-2012;21;5;0
25-5-2012;21;6;0
26-5-2012;21;7;0
27-5-2012;22;1;0
28-5-2012;22;2;0
29-5-2012;22;3;0
30-5-2012;22;4;0
31-5-2012;22;5;0
1-6-2012;22;6;0
2-6-2012;22;7;0
3-6-2012;23;1;0
4-6-2012;23;2;0
5-6-2012;23;3;0
6-6-2012;23;4;0
7-6-2012;23;5;0
8-6-2012;23;6;0
9-6-2012;23;7;0
10-6-2012;24;1;0
11-6-2012;24;2;0
12-6-2012;24;3;0
13-6-2012;24;4;0
14-6-2012;24;5;0
15-6-2012;24;6;0
16-6-2012;24;7;0
17-6-2012;25;1;0
18-6-2012;25;2;0
19-6-2012;25;3;0
20-6-2012;25;4;0
21-6-2012;25;5;0
22-6-2012;25;6;0
23-6-2012;25;7;0
24-6-2012;26;1;0
25-6-2012;26;2;0
26-6-2012;26;3;0
27-6-2012;26;4;0
28-6-2012;26;5;0
29-6-2012;26;6;0
30-6-2012;26;7;0
1-7-2012;27;1;0
2-7-2012;27;2;0
3-7-2012;27;3;0
4-7-2012;27;4;0
5-7-2012;27;5;0
6-7-2012;27;6;0
7-7-2012;27;7;0
8-7-2012;28;1;0
9-7-2012;28;2;0
10-7-2012;28;3;0
11-7-2012;28;4;0
12-7-2012;28;5;0
13-7-2012;28;6;0
14-7-2012;28;7;1
15-7-2012;29;1;1
16-7-2012;29;2;1
17-7-2012;29;3;1
18-7-2012;29;4;1
19-7-2012;29;5;1
20-7-2012;29;6;1
21-7-2012;29;7;1
22-7-2012;30;1;1
23-7-2012;30;2;1
24-7-2012;30;3;1
25-7-2012;30;4;1
26-7-2012;30;5;1
27-7-2012;30;6;1
28-7-2012;30;7;1
29-7-2012;31;1;1
30-7-2012;31;2;1
31-7-2012;31;3;1
1-8-2012;31;4;1
2-8-2012;31;5;1
3-8-2012;31;6;1
4-8-2012;31;7;1
5-8-2012;32;1;1
6-8-2012;32;2;1
7-8-2012;32;3;1
8-8-2012;32;4;1
9-8-2012;32;5;1
10-8-2012;32;6;1
11-8-2012;32;7;1
12-8-2012;33;1;1
13-8-2012;33;2;1
14-8-2012;33;3;1
15-8-2012;33;4;1
16-8-2012;33;5;1
17-8-2012;33;6;1
18-8-2012;33;7;1
19-8-2012;34;1;1
20-8-2012;34;2;1
21-8-2012;34;3;1
22-8-2012;34;4;1
23-8-2012;34;5;1
24-8-2012;34;6;1
25-8-2012;34;7;1
26-8-2012;35;1;1
27-8-2012;35;2;1
28-8-2012;35;3;1
29-8-2012;35;4;1
30-8-2012;35;5;1
31-8-2012;35;6;1
1-9-2012;35;7;1
2-9-2012;36;1;1
3-9-2012;36;2;0
4-9-2012;36;3;0
5-9-2012;36;4;0
6-9-2012;36;5;0
7-9-2012;36;6;0
8-9-2012;36;7;0
9-9-2012;37;1;0
10-9-2012;37;2;0
11-9-2012;37;3;0
12-9-2012;37;4;0
13-9-2012;37;5;0
14-9-2012;37;6;0
15-9-2012;37;7;0
16-9-2012;38;1;0
17-9-2012;38;2;0
18-9-2012;38;3;0
19-9-2012;38;4;0
20-9-2012;38;5;0
21-9-2012;38;6;0
22-9-2012;38;7;0
23-9-2012;39;1;0
24-9-2012;39;2;0
25-9-2012;39;3;0
26-9-2012;39;4;0
27-9-2012;39;5;0
28-9-2012;39;6;0
29-9-2012;39;7;0
30-9-2012;40;1;0
1-10-2012;40;2;0
2-10-2012;40;3;0
3-10-2012;40;4;0
4-10-2012;40;5;0
5-10-2012;40;6;0
6-10-2012;40;7;0
7-10-2012;41;1;0
8-10-2012;41;2;0
9-10-2012;41;3;0
10-10-2012;41;4;0
11-10-2012;41;5;0
12-10-2012;41;6;0
13-10-2012;41;7;0
14-10-2012;42;1;0
15-10-2012;42;2;0
16-10-2012;42;3;0
17-10-2012;42;4;0
18-10-2012;42;5;0
19-10-2012;42;6;0
20-10-2012;42;7;1
21-10-2012;43;1;1
22-10-2012;43;2;1
23-10-2012;43;3;1
24-10-2012;43;4;1
25-10-2012;43;5;1
26-10-2012;43;6;1
27-10-2012;43;7;1
28-10-2012;44;1;1
29-10-2012;44;2;0
30-10-2012;44;3;0
31-10-2012;44;4;0
1-11-2012;44;5;0
2-11-2012;44;6;0
3-11-2012;44;7;0
4-11-2012;45;1;0
5-11-2012;45;2;0
6-11-2012;45;3;0
7-11-2012;45;4;0
8-11-2012;45;5;0
9-11-2012;45;6;0
10-11-2012;45;7;0
11-11-2012;46;1;0
12-11-2012;46;2;0
13-11-2012;46;3;0
14-11-2012;46;4;0
15-11-2012;46;5;0
16-11-2012;46;6;0
17-11-2012;46;7;0
18-11-2012;47;1;0
19-11-2012;47;2;0
20-11-2012;47;3;0
21-11-2012;47;4;0
22-11-2012;47;5;0
23-11-2012;47;6;0
24-11-2012;47;7;0
25-11-2012;48;1;0
26-11-2012;48;2;0
27-11-2012;48;3;0
28-11-2012;48;4;0
29-11-2012;48;5;0
30-11-2012;48;6;0
1-12-2012;48;7;0
2-12-2012;49;1;0
3-12-2012;49;2;0
4-12-2012;49;3;0
5-12-2012;49;4;0
6-12-2012;49;5;0
7-12-2012;49;6;0
8-12-2012;49;7;0
9-12-2012;50;1;0
10-12-2012;50;2;0
11-12-2012;50;3;0
12-12-2012;50;4;0
13-12-2012;50;5;0
14-12-2012;50;6;0
15-12-2012;50;7;0
16-12-2012;51;1;0
17-12-2012;51;2;0
18-12-2012;51;3;0
19-12-2012;51;4;0
20-12-2012;51;5;0
21-12-2012;51;6;0
22-12-2012;51;7;1
23-12-2012;52;1;1
24-12-2012;52;2;1
25-12-2012;52;3;1
26-12-2012;52;4;1
27-12-2012;52;5;1
28-12-2012;52;6;1
29-12-2012;52;7;1
30-12-2012;53;1;1
31-12-2012;53;2;1
1-1-2013;1;3;1
2-1-2013;1;4;1
3-1-2013;1;5;1
4-1-2013;1;6;1
5-1-2013;1;7;1
6-1-2013;2;1;1
7-1-2013;2;2;0
8-1-2013;2;3;0
9-1-2013;2;4;0
10-1-2013;2;5;0
11-1-2013;2;6;0
12-1-2013;2;7;0
13-1-2013;3;1;0
14-1-2013;3;2;0
15-1-2013;3;3;0
16-1-2013;3;4;0
17-1-2013;3;5;0
18-1-2013;3;6;0
19-1-2013;3;7;0
20-1-2013;4;1;0
21-1-2013;4;2;0
22-1-2013;4;3;0
23-1-2013;4;4;0
24-1-2013;4;5;0
25-1-2013;4;6;0
26-1-2013;4;7;0
27-1-2013;5;1;0
28-1-2013;5;2;0
29-1-2013;5;3;0
30-1-2013;5;4;0
31-1-2013;5;5;0
1-2-2013;5;6;0
2-2-2013;5;7;0
3-2-2013;6;1;0
4-2-2013;6;2;0
5-2-2013;6;3;0
6-2-2013;6;4;0
7-2-2013;6;5;0
8-2-2013;6;6;0
9-2-2013;6;7;0
10-2-2013;7;1;0
11-2-2013;7;2;0
12-2-2013;7;3;0
13-2-2013;7;4;0
14-2-2013;7;5;0
15-2-2013;7;6;0
16-2-2013;7;7;1
17-2-2013;8;1;1
18-2-2013;8;2;1
19-2-2013;8;3;1
20-2-2013;8;4;1
21-2-2013;8;5;1
22-2-2013;8;6;1
23-2-2013;8;7;1
24-2-2013;9;1;1
25-2-2013;9;2;0
26-2-2013;9;3;0
27-2-2013;9;4;0
28-2-2013;9;5;0
1-3-2013;9;6;0
2-3-2013;9;7;0
3-3-2013;10;1;0
4-3-2013;10;2;0
5-3-2013;10;3;0
6-3-2013;10;4;0
7-3-2013;10;5;0
8-3-2013;10;6;0
9-3-2013;10;7;0
10-3-2013;11;1;0
11-3-2013;11;2;0
12-3-2013;11;3;0
13-3-2013;11;4;0
14-3-2013;11;5;0
15-3-2013;11;6;0
16-3-2013;11;7;0
17-3-2013;12;1;0
18-3-2013;12;2;0
19-3-2013;12;3;0
20-3-2013;12;4;0
21-3-2013;12;5;0
22-3-2013;12;6;0
23-3-2013;12;7;0
24-3-2013;13;1;0
25-3-2013;13;2;0
26-3-2013;13;3;0
27-3-2013;13;4;0
28-3-2013;13;5;0
29-3-2013;13;6;0
30-3-2013;13;7;0
31-3-2013;14;1;0
1-4-2013;14;2;0
2-4-2013;14;3;0
3-4-2013;14;4;0
4-4-2013;14;5;0
5-4-2013;14;6;0
6-4-2013;14;7;0
7-4-2013;15;1;0
8-4-2013;15;2;0
9-4-2013;15;3;0
10-4-2013;15;4;0
11-4-2013;15;5;0
12-4-2013;15;6;0
13-4-2013;15;7;0
14-4-2013;16;1;0
15-4-2013;16;2;0
16-4-2013;16;3;0
17-4-2013;16;4;0
18-4-2013;16;5;0
19-4-2013;16;6;0
20-4-2013;16;7;0
21-4-2013;17;1;0
22-4-2013;17;2;0
23-4-2013;17;3;0
24-4-2013;17;4;0
25-4-2013;17;5;0
26-4-2013;17;6;0
27-4-2013;17;7;1
28-4-2013;18;1;1
29-4-2013;18;2;1
30-4-2013;18;3;1
1-5-2013;18;4;1
2-5-2013;18;5;1
3-5-2013;18;6;1
4-5-2013;18;7;1
5-5-2013;19;1;1
6-5-2013;19;2;0
7-5-2013;19;3;0
8-5-2013;19;4;0
9-5-2013;19;5;0
10-5-2013;19;6;0
11-5-2013;19;7;0
12-5-2013;20;1;0
13-5-2013;20;2;0
14-5-2013;20;3;0
15-5-2013;20;4;0
16-5-2013;20;5;0
17-5-2013;20;6;0
18-5-2013;20;7;0
19-5-2013;21;1;0
20-5-2013;21;2;0
21-5-2013;21;3;0
22-5-2013;21;4;0
23-5-2013;21;5;0
24-5-2013;21;6;0
25-5-2013;21;7;0
26-5-2013;22;1;0
27-5-2013;22;2;0
28-5-2013;22;3;0
29-5-2013;22;4;0
30-5-2013;22;5;0
31-5-2013;22;6;0
1-6-2013;22;7;0
2-6-2013;23;1;0
3-6-2013;23;2;0
4-6-2013;23;3;0
5-6-2013;23;4;0
6-6-2013;23;5;0
7-6-2013;23;6;0
8-6-2013;23;7;0
9-6-2013;24;1;0
10-6-2013;24;2;0
11-6-2013;24;3;0
12-6-2013;24;4;0
13-6-2013;24;5;0
14-6-2013;24;6;0
15-6-2013;24;7;0
16-6-2013;25;1;0
17-6-2013;25;2;0
18-6-2013;25;3;0
19-6-2013;25;4;0
20-6-2013;25;5;0
21-6-2013;25;6;0
22-6-2013;25;7;0
23-6-2013;26;1;0
24-6-2013;26;2;0
25-6-2013;26;3;0
26-6-2013;26;4;0
27-6-2013;26;5;0
28-6-2013;26;6;0
29-6-2013;26;7;0
30-6-2013;27;1;0
1-7-2013;27;2;0
2-7-2013;27;3;0
3-7-2013;27;4;0
4-7-2013;27;5;0
5-7-2013;27;6;0
6-7-2013;27;7;1
7-7-2013;28;1;1
8-7-2013;28;2;1
9-7-2013;28;3;1
10-7-2013;28;4;1
11-7-2013;28;5;1
12-7-2013;28;6;1
13-7-2013;28;7;1
14-7-2013;29;1;1
15-7-2013;29;2;1
16-7-2013;29;3;1
17-7-2013;29;4;1
18-7-2013;29;5;1
19-7-2013;29;6;1
20-7-2013;29;7;1
21-7-2013;30;1;1
22-7-2013;30;2;1
23-7-2013;30;3;1
24-7-2013;30;4;1
25-7-2013;30;5;1
26-7-2013;30;6;1
27-7-2013;30;7;1
28-7-2013;31;1;1
29-7-2013;31;2;1
30-7-2013;31;3;1
31-7-2013;31;4;1
1-8-2013;31;5;1
2-8-2013;31;6;1
3-8-2013;31;7;1
4-8-2013;32;1;1
5-8-2013;32;2;1
6-8-2013;32;3;1
7-8-2013;32;4;1
8-8-2013;32;5;1
9-8-2013;32;6;1
10-8-2013;32;7;1
11-8-2013;33;1;1
12-8-2013;33;2;1
13-8-2013;33;3;1
14-8-2013;33;4;1
15-8-2013;33;5;1
16-8-2013;33;6;1
17-8-2013;33;7;1
18-8-2013;34;1;1
19-8-2013;34;2;1
20-8-2013;34;3;1
21-8-2013;34;4;1
22-8-2013;34;5;1
23-8-2013;34;6;1
24-8-2013;34;7;1
25-8-2013;35;1;1
26-8-2013;35;2;0
27-8-2013;35;3;0
28-8-2013;35;4;0
29-8-2013;35;5;0
30-8-2013;35;6;0
31-8-2013;35;7;0
1-9-2013;36;1;0
2-9-2013;36;2;0
3-9-2013;36;3;0
4-9-2013;36;4;0
5-9-2013;36;5;0
6-9-2013;36;6;0
7-9-2013;36;7;0
8-9-2013;37;1;0
9-9-2013;37;2;0
10-9-2013;37;3;0
11-9-2013;37;4;0
12-9-2013;37;5;0
13-9-2013;37;6;0
14-9-2013;37;7;0
15-9-2013;38;1;0
16-9-2013;38;2;0
17-9-2013;38;3;0
18-9-2013;38;4;0
19-9-2013;38;5;0
20-9-2013;38;6;0
21-9-2013;38;7;0
22-9-2013;39;1;0
23-9-2013;39;2;0
24-9-2013;39;3;0
25-9-2013;39;4;0
26-9-2013;39;5;0
27-9-2013;39;6;0
28-9-2013;39;7;0
29-9-2013;40;1;0
30-9-2013;40;2;0
1-10-2013;40;3;0
2-10-2013;40;4;0
3-10-2013;40;5;0
4-10-2013;40;6;0
5-10-2013;40;7;0
6-10-2013;41;1;0
7-10-2013;41;2;0
8-10-2013;41;3;0
9-10-2013;41;4;0
10-10-2013;41;5;0
11-10-2013;41;6;0
12-10-2013;41;7;0
13-10-2013;42;1;0
14-10-2013;42;2;0
15-10-2013;42;3;0
16-10-2013;42;4;0
17-10-2013;42;5;0
18-10-2013;42;6;0
19-10-2013;42;7;1
20-10-2013;43;1;1
21-10-2013;43;2;1
22-10-2013;43;3;1
23-10-2013;43;4;1
24-10-2013;43;5;1
25-10-2013;43;6;1
26-10-2013;43;7;1
27-10-2013;44;1;1
28-10-2013;44;2;0
29-10-2013;44;3;0
30-10-2013;44;4;0
31-10-2013;44;5;0
1-11-2013;44;6;0
2-11-2013;44;7;0
3-11-2013;45;1;0
4-11-2013;45;2;0
5-11-2013;45;3;0
6-11-2013;45;4;0
7-11-2013;45;5;0
8-11-2013;45;6;0
9-11-2013;45;7;0
10-11-2013;46;1;0
11-11-2013;46;2;0
12-11-2013;46;3;0
13-11-2013;46;4;0
14-11-2013;46;5;0
15-11-2013;46;6;0
16-11-2013;46;7;0
17-11-2013;47;1;0
18-11-2013;47;2;0
19-11-2013;47;3;0
20-11-2013;47;4;0
21-11-2013;47;5;0
22-11-2013;47;6;0
23-11-2013;47;7;0
24-11-2013;48;1;0
25-11-2013;48;2;0
26-11-2013;48;3;0
27-11-2013;48;4;0
28-11-2013;48;5;0
29-11-2013;48;6;0
30-11-2013;48;7;0
1-12-2013;49;1;0
2-12-2013;49;2;0
3-12-2013;49;3;0
4-12-2013;49;4;0
5-12-2013;49;5;0
6-12-2013;49;6;0
7-12-2013;49;7;0
8-12-2013;50;1;0
9-12-2013;50;2;0
10-12-2013;50;3;0
11-12-2013;50;4;0
12-12-2013;50;5;0
13-12-2013;50;6;0
14-12-2013;50;7;0
15-12-2013;51;1;0
16-12-2013;51;2;0
17-12-2013;51;3;0
18-12-2013;51;4;0
19-12-2013;51;5;0
20-12-2013;51;6;0
21-12-2013;51;7;1
22-12-2013;52;1;1
23-12-2013;52;2;1
24-12-2013;52;3;1
25-12-2013;52;4;1
26-12-2013;52;5;1
27-12-2013;52;6;1
28-12-2013;52;7;1
29-12-2013;53;1;1
30-12-2013;53;2;1
31-12-2013;53;3;1
1-1-2014;1;4;1
2-1-2014;1;5;1
3-1-2014;1;6;1
4-1-2014;1;7;1
5-1-2014;2;1;1
6-1-2014;2;2;0
7-1-2014;2;3;0
8-1-2014;2;4;0
9-1-2014;2;5;0
10-1-2014;2;6;0
11-1-2014;2;7;0
12-1-2014;3;1;0
13-1-2014;3;2;0
14-1-2014;3;3;0
15-1-2014;3;4;0
16-1-2014;3;5;0
17-1-2014;3;6;0
18-1-2014;3;7;0
19-1-2014;4;1;0
20-1-2014;4;2;0
21-1-2014;4;3;0
22-1-2014;4;4;0
23-1-2014;4;5;0
24-1-2014;4;6;0
25-1-2014;4;7;0
26-1-2014;5;1;0
27-1-2014;5;2;0
28-1-2014;5;3;0
29-1-2014;5;4;0
30-1-2014;5;5;0
31-1-2014;5;6;0
1-2-2014;5;7;0
2-2-2014;6;1;0
3-2-2014;6;2;0
4-2-2014;6;3;0
5-2-2014;6;4;0
6-2-2014;6;5;0
7-2-2014;6;6;0
8-2-2014;6;7;0
9-2-2014;7;1;0
10-2-2014;7;2;0
11-2-2014;7;3;0
12-2-2014;7;4;0
13-2-2014;7;5;0
14-2-2014;7;6;0
15-2-2014;7;7;0
16-2-2014;8;1;0
17-2-2014;8;2;0
18-2-2014;8;3;0
19-2-2014;8;4;0
20-2-2014;8;5;0
21-2-2014;8;6;0
22-2-2014;8;7;1
23-2-2014;9;1;1
24-2-2014;9;2;1
25-2-2014;9;3;1
26-2-2014;9;4;1
27-2-2014;9;5;1
28-2-2014;9;6;1
1-3-2014;9;7;1
2-3-2014;10;1;1
3-3-2014;10;2;0
4-3-2014;10;3;0
5-3-2014;10;4;0
6-3-2014;10;5;0
7-3-2014;10;6;0
8-3-2014;10;7;0
9-3-2014;11;1;0
10-3-2014;11;2;0
11-3-2014;11;3;0
12-3-2014;11;4;0
13-3-2014;11;5;0
14-3-2014;11;6;0
15-3-2014;11;7;0
16-3-2014;12;1;0
17-3-2014;12;2;0
18-3-2014;12;3;0
19-3-2014;12;4;0
20-3-2014;12;5;0
21-3-2014;12;6;0
22-3-2014;12;7;0
23-3-2014;13;1;0
24-3-2014;13;2;0
25-3-2014;13;3;0
26-3-2014;13;4;0
27-3-2014;13;5;0
28-3-2014;13;6;0
29-3-2014;13;7;0
30-3-2014;14;1;0
31-3-2014;14;2;0
1-4-2014;14;3;0
2-4-2014;14;4;0
3-4-2014;14;5;0
4-4-2014;14;6;0
5-4-2014;14;7;0
6-4-2014;15;1;0
7-4-2014;15;2;0
8-4-2014;15;3;0
9-4-2014;15;4;0
10-4-2014;15;5;0
11-4-2014;15;6;0
12-4-2014;15;7;0
13-4-2014;16;1;0
14-4-2014;16;2;0
15-4-2014;16;3;0
16-4-2014;16;4;0
17-4-2014;16;5;0
18-4-2014;16;6;0
19-4-2014;16;7;0
20-4-2014;17;1;0
21-4-2014;17;2;0
22-4-2014;17;3;0
23-4-2014;17;4;0
24-4-2014;17;5;0
25-4-2014;17;6;0
26-4-2014;17;7;1
27-4-2014;18;1;1
28-4-2014;18;2;1
29-4-2014;18;3;1
30-4-2014;18;4;1
1-5-2014;18;5;1
2-5-2014;18;6;1
3-5-2014;18;7;1
4-5-2014;19;1;1
5-5-2014;19;2;1
6-5-2014;19;3;0
7-5-2014;19;4;0
8-5-2014;19;5;0
9-5-2014;19;6;0
10-5-2014;19;7;0
11-5-2014;20;1;0
12-5-2014;20;2;0
13-5-2014;20;3;0
14-5-2014;20;4;0
15-5-2014;20;5;0
16-5-2014;20;6;0
17-5-2014;20;7;0
18-5-2014;21;1;0
19-5-2014;21;2;0
20-5-2014;21;3;0
21-5-2014;21;4;0
22-5-2014;21;5;0
23-5-2014;21;6;0
24-5-2014;21;7;0
25-5-2014;22;1;0
26-5-2014;22;2;0
27-5-2014;22;3;0
28-5-2014;22;4;0
29-5-2014;22;5;0
30-5-2014;22;6;0
31-5-2014;22;7;0
1-6-2014;23;1;0
2-6-2014;23;2;0
3-6-2014;23;3;0
4-6-2014;23;4;0
5-6-2014;23;5;0
6-6-2014;23;6;0
7-6-2014;23;7;0
8-6-2014;24;1;0
9-6-2014;24;2;0
10-6-2014;24;3;0
11-6-2014;24;4;0
12-6-2014;24;5;0
13-6-2014;24;6;0
14-6-2014;24;7;0
15-6-2014;25;1;0
16-6-2014;25;2;0
17-6-2014;25;3;0
18-6-2014;25;4;0
19-6-2014;25;5;0
20-6-2014;25;6;0
21-6-2014;25;7;0
22-6-2014;26;1;0
23-6-2014;26;2;0
24-6-2014;26;3;0
25-6-2014;26;4;0
26-6-2014;26;5;0
27-6-2014;26;6;0
28-6-2014;26;7;0
29-6-2014;27;1;0
30-6-2014;27;2;0
1-7-2014;27;3;0
2-7-2014;27;4;0
3-7-2014;27;5;0
4-7-2014;27;6;0
5-7-2014;27;7;1
6-7-2014;28;1;1
7-7-2014;28;2;1
8-7-2014;28;3;1
9-7-2014;28;4;1
10-7-2014;28;5;1
11-7-2014;28;6;1
12-7-2014;28;7;1
13-7-2014;29;1;1
14-7-2014;29;2;1
15-7-2014;29;3;1
16-7-2014;29;4;1
17-7-2014;29;5;1
18-7-2014;29;6;1
19-7-2014;29;7;1
20-7-2014;30;1;1
21-7-2014;30;2;1
22-7-2014;30;3;1
23-7-2014;30;4;1
24-7-2014;30;5;1
25-7-2014;30;6;1
26-7-2014;30;7;1
27-7-2014;31;1;1
28-7-2014;31;2;1
29-7-2014;31;3;1
30-7-2014;31;4;1
31-7-2014;31;5;1
1-8-2014;31;6;1
2-8-2014;31;7;1
3-8-2014;32;1;1
4-8-2014;32;2;1
5-8-2014;32;3;1
6-8-2014;32;4;1
7-8-2014;32;5;1
8-8-2014;32;6;1
9-8-2014;32;7;1
10-8-2014;33;1;1
11-8-2014;33;2;1
12-8-2014;33;3;1
13-8-2014;33;4;1
14-8-2014;33;5;1
15-8-2014;33;6;1
16-8-2014;33;7;1
17-8-2014;34;1;1
18-8-2014;34;2;0
19-8-2014;34;3;0
20-8-2014;34;4;0
21-8-2014;34;5;0
22-8-2014;34;6;0
23-8-2014;34;7;0
24-8-2014;35;1;0
25-8-2014;35;2;0
26-8-2014;35;3;0
27-8-2014;35;4;0
28-8-2014;35;5;0
29-8-2014;35;6;0
30-8-2014;35;7;0
31-8-2014;36;1;0
1-9-2014;36;2;0
2-9-2014;36;3;0
3-9-2014;36;4;0
4-9-2014;36;5;0
5-9-2014;36;6;0
6-9-2014;36;7;0
7-9-2014;37;1;0
8-9-2014;37;2;0
9-9-2014;37;3;0
10-9-2014;37;4;0
11-9-2014;37;5;0
12-9-2014;37;6;0
13-9-2014;37;7;0
14-9-2014;38;1;0
15-9-2014;38;2;0
16-9-2014;38;3;0
17-9-2014;38;4;0
18-9-2014;38;5;0
19-9-2014;38;6;0
20-9-2014;38;7;0
21-9-2014;39;1;0
22-9-2014;39;2;0
23-9-2014;39;3;0
24-9-2014;39;4;0
25-9-2014;39;5;0
26-9-2014;39;6;0
27-9-2014;39;7;0
28-9-2014;40;1;0
29-9-2014;40;2;0
30-9-2014;40;3;0
1-10-2014;40;4;0
2-10-2014;40;5;0
3-10-2014;40;6;0
4-10-2014;40;7;0
5-10-2014;41;1;0
6-10-2014;41;2;0
7-10-2014;41;3;0
8-10-2014;41;4;0
9-10-2014;41;5;0
10-10-2014;41;6;0
11-10-2014;41;7;1
12-10-2014;42;1;1
13-10-2014;42;2;1
14-10-2014;42;3;1
15-10-2014;42;4;1
16-10-2014;42;5;1
17-10-2014;42;6;1
18-10-2014;42;7;1
19-10-2014;43;1;1
20-10-2014;43;2;0
21-10-2014;43;3;0
22-10-2014;43;4;0
23-10-2014;43;5;0
24-10-2014;43;6;0
25-10-2014;43;7;0
26-10-2014;44;1;0
27-10-2014;44;2;0
28-10-2014;44;3;0
29-10-2014;44;4;0
30-10-2014;44;5;0
31-10-2014;44;6;0
1-11-2014;44;7;0
2-11-2014;45;1;0
3-11-2014;45;2;0
4-11-2014;45;3;0
5-11-2014;45;4;0
6-11-2014;45;5;0
7-11-2014;45;6;0
8-11-2014;45;7;0
9-11-2014;46;1;0
10-11-2014;46;2;0
11-11-2014;46;3;0
12-11-2014;46;4;0
13-11-2014;46;5;0
14-11-2014;46;6;0
15-11-2014;46;7;0
16-11-2014;47;1;0
17-11-2014;47;2;0
18-11-2014;47;3;0
19-11-2014;47;4;0
20-11-2014;47;5;0
21-11-2014;47;6;0
22-11-2014;47;7;0
23-11-2014;48;1;0
24-11-2014;48;2;0
25-11-2014;48;3;0
26-11-2014;48;4;0
27-11-2014;48;5;0
28-11-2014;48;6;0
29-11-2014;48;7;0
30-11-2014;49;1;0
1-12-2014;49;2;0
2-12-2014;49;3;0
3-12-2014;49;4;0
4-12-2014;49;5;0
5-12-2014;49;6;0
6-12-2014;49;7;0
7-12-2014;50;1;0
8-12-2014;50;2;0
9-12-2014;50;3;0
10-12-2014;50;4;0
11-12-2014;50;5;0
12-12-2014;50;6;0
13-12-2014;50;7;0
14-12-2014;51;1;0
15-12-2014;51;2;0
16-12-2014;51;3;0
17-12-2014;51;4;0
18-12-2014;51;5;0
19-12-2014;51;6;0
20-12-2014;51;7;1
21-12-2014;52;1;1
22-12-2014;52;2;1
23-12-2014;52;3;1
24-12-2014;52;4;1
25-12-2014;52;5;1
26-12-2014;52;6;1
27-12-2014;52;7;1
28-12-2014;53;1;1
29-12-2014;53;2;1
30-12-2014;53;3;1
31-12-2014;53;4;1
1-1-2015;1;5;1
2-1-2015;1;6;1
3-1-2015;1;7;1
4-1-2015;2;1;1
5-1-2015;2;2;0
6-1-2015;2;3;0
7-1-2015;2;4;0
8-1-2015;2;5;0
9-1-2015;2;6;0
10-1-2015;2;7;0
11-1-2015;3;1;0
12-1-2015;3;2;0
13-1-2015;3;3;0
14-1-2015;3;4;0
15-1-2015;3;5;0
16-1-2015;3;6;0
17-1-2015;3;7;0
18-1-2015;4;1;0
19-1-2015;4;2;0
20-1-2015;4;3;0
21-1-2015;4;4;0
22-1-2015;4;5;0
23-1-2015;4;6;0
24-1-2015;4;7;0
25-1-2015;5;1;0
26-1-2015;5;2;0
27-1-2015;5;3;0
28-1-2015;5;4;0
29-1-2015;5;5;0
30-1-2015;5;6;0
31-1-2015;5;7;0
1-2-2015;6;1;0
2-2-2015;6;2;0
3-2-2015;6;3;0
4-2-2015;6;4;0
5-2-2015;6;5;0
6-2-2015;6;6;0
7-2-2015;6;7;0
8-2-2015;7;1;0
9-2-2015;7;2;0
10-2-2015;7;3;0
11-2-2015;7;4;0
12-2-2015;7;5;0
13-2-2015;7;6;0
14-2-2015;7;7;0
15-2-2015;8;1;0
16-2-2015;8;2;0
17-2-2015;8;3;0
18-2-2015;8;4;0
19-2-2015;8;5;0
20-2-2015;8;6;0
21-2-2015;8;7;1
22-2-2015;9;1;1
23-2-2015;9;2;1
24-2-2015;9;3;1
25-2-2015;9;4;1
26-2-2015;9;5;1
27-2-2015;9;6;1
28-2-2015;9;7;1
1-3-2015;10;1;1
2-3-2015;10;2;0
3-3-2015;10;3;0
4-3-2015;10;4;0
5-3-2015;10;5;0
6-3-2015;10;6;0
7-3-2015;10;7;0
8-3-2015;11;1;0
9-3-2015;11;2;0
10-3-2015;11;3;0
11-3-2015;11;4;0
12-3-2015;11;5;0
13-3-2015;11;6;0
14-3-2015;11;7;0
15-3-2015;12;1;0
16-3-2015;12;2;0
17-3-2015;12;3;0
18-3-2015;12;4;0
19-3-2015;12;5;0
20-3-2015;12;6;0
21-3-2015;12;7;0
22-3-2015;13;1;0
23-3-2015;13;2;0
24-3-2015;13;3;0
25-3-2015;13;4;0
26-3-2015;13;5;0
27-3-2015;13;6;0
28-3-2015;13;7;0
29-3-2015;14;1;0
30-3-2015;14;2;0
31-3-2015;14;3;0
1-4-2015;14;4;0
2-4-2015;14;5;0
3-4-2015;14;6;0
4-4-2015;14;7;0
5-4-2015;15;1;0
6-4-2015;15;2;0
7-4-2015;15;3;0
8-4-2015;15;4;0
9-4-2015;15;5;0
10-4-2015;15;6;0
11-4-2015;15;7;0
12-4-2015;16;1;0
13-4-2015;16;2;0
14-4-2015;16;3;0
15-4-2015;16;4;0
16-4-2015;16;5;0
17-4-2015;16;6;0
18-4-2015;16;7;0
19-4-2015;17;1;0
20-4-2015;17;2;0
21-4-2015;17;3;0
22-4-2015;17;4;0
23-4-2015;17;5;0
24-4-2015;17;6;0
25-4-2015;17;7;0
26-4-2015;18;1;0
27-4-2015;18;2;0
28-4-2015;18;3;0
29-4-2015;18;4;0
30-4-2015;18;5;0
1-5-2015;18;6;0
2-5-2015;18;7;1
3-5-2015;19;1;1
4-5-2015;19;2;1
5-5-2015;19;3;1
6-5-2015;19;4;1
7-5-2015;19;5;1
8-5-2015;19;6;1
9-5-2015;19;7;1
10-5-2015;20;1;1
11-5-2015;20;2;0
12-5-2015;20;3;0
13-5-2015;20;4;0
14-5-2015;20;5;0
15-5-2015;20;6;0
16-5-2015;20;7;0
17-5-2015;21;1;0
18-5-2015;21;2;0
19-5-2015;21;3;0
20-5-2015;21;4;0
21-5-2015;21;5;0
22-5-2015;21;6;0
23-5-2015;21;7;0
24-5-2015;22;1;0
25-5-2015;22;2;0
26-5-2015;22;3;0
27-5-2015;22;4;0
28-5-2015;22;5;0
29-5-2015;22;6;0
30-5-2015;22;7;0
31-5-2015;23;1;0
1-6-2015;23;2;0
2-6-2015;23;3;0
3-6-2015;23;4;0
4-6-2015;23;5;0
5-6-2015;23;6;0
6-6-2015;23;7;0
7-6-2015;24;1;0
8-6-2015;24;2;0
9-6-2015;24;3;0
10-6-2015;24;4;0
11-6-2015;24;5;0
12-6-2015;24;6;0
13-6-2015;24;7;0
14-6-2015;25;1;0
15-6-2015;25;2;0
16-6-2015;25;3;0
17-6-2015;25;4;0
18-6-2015;25;5;0
19-6-2015;25;6;0
20-6-2015;25;7;0
21-6-2015;26;1;0
22-6-2015;26;2;0
23-6-2015;26;3;0
24-6-2015;26;4;0
25-6-2015;26;5;0
26-6-2015;26;6;0
27-6-2015;26;7;0
28-6-2015;27;1;0
29-6-2015;27;2;0
30-6-2015;27;3;0
1-7-2015;27;4;0
2-7-2015;27;5;0
3-7-2015;27;6;0
4-7-2015;27;7;1
5-7-2015;28;1;1
6-7-2015;28;2;1
7-7-2015;28;3;1
8-7-2015;28;4;1
9-7-2015;28;5;1
10-7-2015;28;6;1
11-7-2015;28;7;1
12-7-2015;29;1;1
13-7-2015;29;2;1
14-7-2015;29;3;1
15-7-2015;29;4;1
16-7-2015;29;5;1
17-7-2015;29;6;1
18-7-2015;29;7;1
19-7-2015;30;1;1
20-7-2015;30;2;1
21-7-2015;30;3;1
22-7-2015;30;4;1
23-7-2015;30;5;1
24-7-2015;30;6;1
25-7-2015;30;7;1
26-7-2015;31;1;1
27-7-2015;31;2;1
28-7-2015;31;3;1
29-7-2015;31;4;1
30-7-2015;31;5;1
31-7-2015;31;6;1
1-8-2015;31;7;1
2-8-2015;32;1;1
3-8-2015;32;2;1
4-8-2015;32;3;1
5-8-2015;32;4;1
6-8-2015;32;5;1
7-8-2015;32;6;1
8-8-2015;32;7;1
9-8-2015;33;1;1
10-8-2015;33;2;1
11-8-2015;33;3;1
12-8-2015;33;4;1
13-8-2015;33;5;1
14-8-2015;33;6;1
15-8-2015;33;7;1
16-8-2015;34;1;1
17-8-2015;34;2;0
18-8-2015;34;3;0
19-8-2015;34;4;0
20-8-2015;34;5;0
21-8-2015;34;6;0
22-8-2015;34;7;0
23-8-2015;35;1;0
24-8-2015;35;2;0
25-8-2015;35;3;0
26-8-2015;35;4;0
27-8-2015;35;5;0
28-8-2015;35;6;0
29-8-2015;35;7;0
30-8-2015;36;1;0
31-8-2015;36;2;0
1-9-2015;36;3;0
2-9-2015;36;4;0
3-9-2015;36;5;0
4-9-2015;36;6;0
5-9-2015;36;7;0
6-9-2015;37;1;0
7-9-2015;37;2;0
8-9-2015;37;3;0
9-9-2015;37;4;0
10-9-2015;37;5;0
11-9-2015;37;6;0
12-9-2015;37;7;0
13-9-2015;38;1;0
14-9-2015;38;2;0
15-9-2015;38;3;0
16-9-2015;38;4;0
17-9-2015;38;5;0
18-9-2015;38;6;0
19-9-2015;38;7;0
20-9-2015;39;1;0
21-9-2015;39;2;0
22-9-2015;39;3;0
23-9-2015;39;4;0
24-9-2015;39;5;0
25-9-2015;39;6;0
26-9-2015;39;7;0
27-9-2015;40;1;0
28-9-2015;40;2;0
29-9-2015;40;3;0
30-9-2015;40;4;0
1-10-2015;40;5;0
2-10-2015;40;6;0
3-10-2015;40;7;0
4-10-2015;41;1;0
5-10-2015;41;2;0
6-10-2015;41;3;0
7-10-2015;41;4;0
8-10-2015;41;5;0
9-10-2015;41;6;0
10-10-2015;41;7;0
11-10-2015;42;1;0
12-10-2015;42;2;0
13-10-2015;42;3;0
14-10-2015;42;4;0
15-10-2015;42;5;0
16-10-2015;42;6;0
17-10-2015;42;7;1
18-10-2015;43;1;1
19-10-2015;43;2;1
20-10-2015;43;3;1
21-10-2015;43;4;1
22-10-2015;43;5;1
23-10-2015;43;6;1
24-10-2015;43;7;1
25-10-2015;44;1;1
26-10-2015;44;2;0
27-10-2015;44;3;0
28-10-2015;44;4;0
29-10-2015;44;5;0
30-10-2015;44;6;0
31-10-2015;44;7;0
1-11-2015;45;1;0
2-11-2015;45;2;0
3-11-2015;45;3;0
4-11-2015;45;4;0
5-11-2015;45;5;0
6-11-2015;45;6;0
7-11-2015;45;7;0
8-11-2015;46;1;0
9-11-2015;46;2;0
10-11-2015;46;3;0
11-11-2015;46;4;0
12-11-2015;46;5;0
13-11-2015;46;6;0
14-11-2015;46;7;0
15-11-2015;47;1;0
16-11-2015;47;2;0
17-11-2015;47;3;0
18-11-2015;47;4;0
19-11-2015;47;5;0
20-11-2015;47;6;0
21-11-2015;47;7;0
22-11-2015;48;1;0
23-11-2015;48;2;0
24-11-2015;48;3;0
25-11-2015;48;4;0
26-11-2015;48;5;0
27-11-2015;48;6;0
28-11-2015;48;7;0
29-11-2015;49;1;0
30-11-2015;49;2;0
1-12-2015;49;3;0
2-12-2015;49;4;0
3-12-2015;49;5;0
4-12-2015;49;6;0
5-12-2015;49;7;0
6-12-2015;50;1;0
7-12-2015;50;2;0
8-12-2015;50;3;0
9-12-2015;50;4;0
10-12-2015;50;5;0
11-12-2015;50;6;0
12-12-2015;50;7;0
13-12-2015;51;1;0
14-12-2015;51;2;0
15-12-2015;51;3;0
16-12-2015;51;4;0
17-12-2015;51;5;0
18-12-2015;51;6;0
19-12-2015;51;7;1
20-12-2015;52;1;1
21-12-2015;52;2;1
22-12-2015;52;3;1
23-12-2015;52;4;1
24-12-2015;52;5;1
25-12-2015;52;6;1
26-12-2015;52;7;1
27-12-2015;53;1;1
28-12-2015;53;2;1
29-12-2015;53;3;1
30-12-2015;53;4;1
31-12-2015;53;5;1
1-1-2016;1;6;1
2-1-2016;1;7;1
3-1-2016;2;1;1
4-1-2016;2;2;0
5-1-2016;2;3;0
6-1-2016;2;4;0
7-1-2016;2;5;0
8-1-2016;2;6;0
9-1-2016;2;7;0
10-1-2016;3;1;0
11-1-2016;3;2;0
12-1-2016;3;3;0
13-1-2016;3;4;0
14-1-2016;3;5;0
15-1-2016;3;6;0
16-1-2016;3;7;0
17-1-2016;4;1;0
18-1-2016;4;2;0
19-1-2016;4;3;0
20-1-2016;4;4;0
21-1-2016;4;5;0
22-1-2016;4;6;0
23-1-2016;4;7;0
24-1-2016;5;1;0
25-1-2016;5;2;0
26-1-2016;5;3;0
27-1-2016;5;4;0
28-1-2016;5;5;0
29-1-2016;5;6;0
30-1-2016;5;7;0
31-1-2016;6;1;0
1-2-2016;6;2;0
2-2-2016;6;3;0
3-2-2016;6;4;0
4-2-2016;6;5;0
5-2-2016;6;6;0
6-2-2016;6;7;0
7-2-2016;7;1;0
8-2-2016;7;2;0
9-2-2016;7;3;0
10-2-2016;7;4;0
11-2-2016;7;5;0
12-2-2016;7;6;0
13-2-2016;7;7;0
14-2-2016;8;1;0
15-2-2016;8;2;0
16-2-2016;8;3;0
17-2-2016;8;4;0
18-2-2016;8;5;0
19-2-2016;8;6;0
20-2-2016;8;7;0
21-2-2016;9;1;0
22-2-2016;9;2;0
23-2-2016;9;3;0
24-2-2016;9;4;0
25-2-2016;9;5;0
26-2-2016;9;6;0
27-2-2016;9;7;1
28-2-2016;10;1;1
29-2-2016;10;2;1
1-3-2016;10;3;1
2-3-2016;10;4;1
3-3-2016;10;5;1
4-3-2016;10;6;1
5-3-2016;10;7;1
6-3-2016;11;1;1
7-3-2016;11;2;0
8-3-2016;11;3;0
9-3-2016;11;4;0
10-3-2016;11;5;0
11-3-2016;11;6;0
12-3-2016;11;7;0
13-3-2016;12;1;0
14-3-2016;12;2;0
15-3-2016;12;3;0
16-3-2016;12;4;0
17-3-2016;12;5;0
18-3-2016;12;6;0
19-3-2016;12;7;0
20-3-2016;13;1;0
21-3-2016;13;2;0
22-3-2016;13;3;0
23-3-2016;13;4;0
24-3-2016;13;5;0
25-3-2016;13;6;0
26-3-2016;13;7;0
27-3-2016;14;1;0
28-3-2016;14;2;0
29-3-2016;14;3;0
30-3-2016;14;4;0
31-3-2016;14;5;0
1-4-2016;14;6;0
2-4-2016;14;7;0
3-4-2016;15;1;0
4-4-2016;15;2;0
5-4-2016;15;3;0
6-4-2016;15;4;0
7-4-2016;15;5;0
8-4-2016;15;6;0
9-4-2016;15;7;0
10-4-2016;16;1;0
11-4-2016;16;2;0
12-4-2016;16;3;0
13-4-2016;16;4;0
14-4-2016;16;5;0
15-4-2016;16;6;0
16-4-2016;16;7;0
17-4-2016;17;1;0
18-4-2016;17;2;0
19-4-2016;17;3;0
20-4-2016;17;4;0
21-4-2016;17;5;0
22-4-2016;17;6;0
23-4-2016;17;7;0
24-4-2016;18;1;0
25-4-2016;18;2;0
26-4-2016;18;3;0
27-4-2016;18;4;0
28-4-2016;18;5;0
29-4-2016;18;6;0
30-4-2016;18;7;1
1-5-2016;19;1;1
2-5-2016;19;2;1
3-5-2016;19;3;1
4-5-2016;19;4;1
5-5-2016;19;5;1
6-5-2016;19;6;1
7-5-2016;19;7;1
8-5-2016;20;1;1
9-5-2016;20;2;0
10-5-2016;20;3;0
11-5-2016;20;4;0
12-5-2016;20;5;0
13-5-2016;20;6;0
14-5-2016;20;7;0
15-5-2016;21;1;0
16-5-2016;21;2;0
17-5-2016;21;3;0
18-5-2016;21;4;0
19-5-2016;21;5;0
20-5-2016;21;6;0
21-5-2016;21;7;0
22-5-2016;22;1;0
23-5-2016;22;2;0
24-5-2016;22;3;0
25-5-2016;22;4;0
26-5-2016;22;5;0
27-5-2016;22;6;0
28-5-2016;22;7;0
29-5-2016;23;1;0
30-5-2016;23;2;0
31-5-2016;23;3;0
1-6-2016;23;4;0
2-6-2016;23;5;0
3-6-2016;23;6;0
4-6-2016;23;7;0
5-6-2016;24;1;0
6-6-2016;24;2;0
7-6-2016;24;3;0
8-6-2016;24;4;0
9-6-2016;24;5;0
10-6-2016;24;6;0
11-6-2016;24;7;0
12-6-2016;25;1;0
13-6-2016;25;2;0
14-6-2016;25;3;0
15-6-2016;25;4;0
16-6-2016;25;5;0
17-6-2016;25;6;0
18-6-2016;25;7;0
19-6-2016;26;1;0
20-6-2016;26;2;0
21-6-2016;26;3;0
22-6-2016;26;4;0
23-6-2016;26;5;0
24-6-2016;26;6;0
25-6-2016;26;7;0
26-6-2016;27;1;0
27-6-2016;27;2;0
28-6-2016;27;3;0
29-6-2016;27;4;0
30-6-2016;27;5;0
1-7-2016;27;6;0
2-7-2016;27;7;0
3-7-2016;28;1;0
4-7-2016;28;2;0
5-7-2016;28;3;0
6-7-2016;28;4;0
7-7-2016;28;5;0
8-7-2016;28;6;0
9-7-2016;28;7;0
10-7-2016;29;1;0
11-7-2016;29;2;0
12-7-2016;29;3;0
13-7-2016;29;4;0
14-7-2016;29;5;0
15-7-2016;29;6;0
16-7-2016;29;7;1
17-7-2016;30;1;1
18-7-2016;30;2;1
19-7-2016;30;3;1
20-7-2016;30;4;1
21-7-2016;30;5;1
22-7-2016;30;6;1
23-7-2016;30;7;1
24-7-2016;31;1;1
25-7-2016;31;2;1
26-7-2016;31;3;1
27-7-2016;31;4;1
28-7-2016;31;5;1
29-7-2016;31;6;1
30-7-2016;31;7;1
31-7-2016;32;1;1
1-8-2016;32;2;1
2-8-2016;32;3;1
3-8-2016;32;4;1
4-8-2016;32;5;1
5-8-2016;32;6;1
6-8-2016;32;7;1
7-8-2016;33;1;1
8-8-2016;33;2;1
9-8-2016;33;3;1
10-8-2016;33;4;1
11-8-2016;33;5;1
12-8-2016;33;6;1
13-8-2016;33;7;1
14-8-2016;34;1;1
15-8-2016;34;2;1
16-8-2016;34;3;1
17-8-2016;34;4;1
18-8-2016;34;5;1
19-8-2016;34;6;1
20-8-2016;34;7;1
21-8-2016;35;1;1
22-8-2016;35;2;1
23-8-2016;35;3;1
24-8-2016;35;4;1
25-8-2016;35;5;1
26-8-2016;35;6;1
27-8-2016;35;7;1
28-8-2016;36;1;1
29-8-2016;36;2;0
30-8-2016;36;3;0
31-8-2016;36;4;0
1-9-2016;36;5;0
2-9-2016;36;6;0
3-9-2016;36;7;0
4-9-2016;37;1;0
5-9-2016;37;2;0
6-9-2016;37;3;0
7-9-2016;37;4;0
8-9-2016;37;5;0
9-9-2016;37;6;0
10-9-2016;37;7;0
11-9-2016;38;1;0
12-9-2016;38;2;0
13-9-2016;38;3;0
14-9-2016;38;4;0
15-9-2016;38;5;0
16-9-2016;38;6;0
17-9-2016;38;7;0
18-9-2016;39;1;0
19-9-2016;39;2;0
20-9-2016;39;3;0
21-9-2016;39;4;0
22-9-2016;39;5;0
23-9-2016;39;6;0
24-9-2016;39;7;0
25-9-2016;40;1;0
26-9-2016;40;2;0
27-9-2016;40;3;0
28-9-2016;40;4;0
29-9-2016;40;5;0
30-9-2016;40;6;0
1-10-2016;40;7;0
2-10-2016;41;1;0
3-10-2016;41;2;0
4-10-2016;41;3;0
5-10-2016;41;4;0
6-10-2016;41;5;0
7-10-2016;41;6;0
8-10-2016;41;7;0
9-10-2016;42;1;0
10-10-2016;42;2;0
11-10-2016;42;3;0
12-10-2016;42;4;0
13-10-2016;42;5;0
14-10-2016;42;6;0
15-10-2016;42;7;1
16-10-2016;43;1;1
17-10-2016;43;2;1
18-10-2016;43;3;1
19-10-2016;43;4;1
20-10-2016;43;5;1
21-10-2016;43;6;1
22-10-2016;43;7;1
23-10-2016;44;1;1
24-10-2016;44;2;0
25-10-2016;44;3;0
26-10-2016;44;4;0
27-10-2016;44;5;0
28-10-2016;44;6;0
29-10-2016;44;7;0
30-10-2016;45;1;0
31-10-2016;45;2;0
1-11-2016;45;3;0
2-11-2016;45;4;0
3-11-2016;45;5;0
4-11-2016;45;6;0
5-11-2016;45;7;0
6-11-2016;46;1;0
7-11-2016;46;2;0
8-11-2016;46;3;0
9-11-2016;46;4;0
10-11-2016;46;5;0
11-11-2016;46;6;0
12-11-2016;46;7;0
13-11-2016;47;1;0
14-11-2016;47;2;0
15-11-2016;47;3;0
16-11-2016;47;4;0
17-11-2016;47;5;0
18-11-2016;47;6;0
19-11-2016;47;7;0
20-11-2016;48;1;0
21-11-2016;48;2;0
22-11-2016;48;3;0
23-11-2016;48;4;0
24-11-2016;48;5;0
25-11-2016;48;6;0
26-11-2016;48;7;0
27-11-2016;49;1;0
28-11-2016;49;2;0
29-11-2016;49;3;0
30-11-2016;49;4;0
1-12-2016;49;5;0
2-12-2016;49;6;0
3-12-2016;49;7;0
4-12-2016;50;1;0
5-12-2016;50;2;0
6-12-2016;50;3;0
7-12-2016;50;4;0
8-12-2016;50;5;0
9-12-2016;50;6;0
10-12-2016;50;7;0
11-12-2016;51;1;0
12-12-2016;51;2;0
13-12-2016;51;3;0
14-12-2016;51;4;0
15-12-2016;51;5;0
16-12-2016;51;6;0
17-12-2016;51;7;0
18-12-2016;52;1;0
19-12-2016;52;2;0
20-12-2016;52;3;0
21-12-2016;52;4;0
22-12-2016;52;5;0
23-12-2016;52;6;1
24-12-2016;52;7;1
25-12-2016;53;1;1
26-12-2016;53;2;1
27-12-2016;53;3;1
28-12-2016;53;4;1
29-12-2016;53;5;1
30-12-2016;53;6;1
31-12-2016;53;7;1
1-1-2017;1;1;1
2-1-2017;1;2;1
3-1-2017;1;3;1
4-1-2017;1;4;1
5-1-2017;1;5;1
6-1-2017;1;6;1
7-1-2017;1;7;1
8-1-2017;2;1;1
9-1-2017;2;2;0
10-1-2017;2;3;0
11-1-2017;2;4;0
12-1-2017;2;5;0
13-1-2017;2;6;0
14-1-2017;2;7;0
15-1-2017;3;1;0
16-1-2017;3;2;0
17-1-2017;3;3;0
18-1-2017;3;4;0
19-1-2017;3;5;0
20-1-2017;3;6;0
21-1-2017;3;7;0
22-1-2017;4;1;0
23-1-2017;4;2;0
24-1-2017;4;3;0
25-1-2017;4;4;0
26-1-2017;4;5;0
27-1-2017;4;6;0
28-1-2017;4;7;0
29-1-2017;5;1;0
30-1-2017;5;2;0
31-1-2017;5;3;0
1-2-2017;5;4;0
2-2-2017;5;5;0
3-2-2017;5;6;0
4-2-2017;5;7;0
5-2-2017;6;1;0
6-2-2017;6;2;0
7-2-2017;6;3;0
8-2-2017;6;4;0
9-2-2017;6;5;0
10-2-2017;6;6;0
11-2-2017;6;7;0
12-2-2017;7;1;0
13-2-2017;7;2;0
14-2-2017;7;3;0
15-2-2017;7;4;0
16-2-2017;7;5;0
17-2-2017;7;6;0
18-2-2017;7;7;1
19-2-2017;8;1;1
20-2-2017;8;2;1
21-2-2017;8;3;1
22-2-2017;8;4;1
23-2-2017;8;5;1
24-2-2017;8;6;1
25-2-2017;8;7;1
26-2-2017;9;1;1
27-2-2017;9;2;0
28-2-2017;9;3;0
1-3-2017;9;4;0
2-3-2017;9;5;0
3-3-2017;9;6;0
4-3-2017;9;7;0
5-3-2017;10;1;0
6-3-2017;10;2;0
7-3-2017;10;3;0
8-3-2017;10;4;0
9-3-2017;10;5;0
10-3-2017;10;6;0
11-3-2017;10;7;0
12-3-2017;11;1;0
13-3-2017;11;2;0
14-3-2017;11;3;0
15-3-2017;11;4;0
16-3-2017;11;5;0
17-3-2017;11;6;0
18-3-2017;11;7;0
19-3-2017;12;1;0
20-3-2017;12;2;0
21-3-2017;12;3;0
22-3-2017;12;4;0
23-3-2017;12;5;0
24-3-2017;12;6;0
25-3-2017;12;7;0
26-3-2017;13;1;0
27-3-2017;13;2;0
28-3-2017;13;3;0
29-3-2017;13;4;0
30-3-2017;13;5;0
31-3-2017;13;6;0
1-4-2017;13;7;0
2-4-2017;14;1;0
3-4-2017;14;2;0
4-4-2017;14;3;0
5-4-2017;14;4;0
6-4-2017;14;5;0
7-4-2017;14;6;0
8-4-2017;14;7;0
9-4-2017;15;1;0
10-4-2017;15;2;0
11-4-2017;15;3;0
12-4-2017;15;4;0
13-4-2017;15;5;0
14-4-2017;15;6;0
15-4-2017;15;7;0
16-4-2017;16;1;0
17-4-2017;16;2;0
18-4-2017;16;3;0
19-4-2017;16;4;0
20-4-2017;16;5;0
21-4-2017;16;6;0
22-4-2017;16;7;1
23-4-2017;17;1;1
24-4-2017;17;2;1
25-4-2017;17;3;1
26-4-2017;17;4;1
27-4-2017;17;5;1
28-4-2017;17;6;1
29-4-2017;17;7;1
30-4-2017;18;1;1
1-5-2017;18;2;0
2-5-2017;18;3;0
3-5-2017;18;4;0
4-5-2017;18;5;0
5-5-2017;18;6;0
6-5-2017;18;7;0
7-5-2017;19;1;0
8-5-2017;19;2;0
9-5-2017;19;3;0
10-5-2017;19;4;0
11-5-2017;19;5;0
12-5-2017;19;6;0
13-5-2017;19;7;0
14-5-2017;20;1;0
15-5-2017;20;2;0
16-5-2017;20;3;0
17-5-2017;20;4;0
18-5-2017;20;5;0
19-5-2017;20;6;0
20-5-2017;20;7;0
21-5-2017;21;1;0
22-5-2017;21;2;0
23-5-2017;21;3;0
24-5-2017;21;4;0
25-5-2017;21;5;0
26-5-2017;21;6;0
27-5-2017;21;7;0
28-5-2017;22;1;0
29-5-2017;22;2;0
30-5-2017;22;3;0
31-5-2017;22;4;0
1-6-2017;22;5;0
2-6-2017;22;6;0
3-6-2017;22;7;0
4-6-2017;23;1;0
5-6-2017;23;2;0
6-6-2017;23;3;0
7-6-2017;23;4;0
8-6-2017;23;5;0
9-6-2017;23;6;0
10-6-2017;23;7;0
11-6-2017;24;1;0
12-6-2017;24;2;0
13-6-2017;24;3;0
14-6-2017;24;4;0
15-6-2017;24;5;0
16-6-2017;24;6;0
17-6-2017;24;7;0
18-6-2017;25;1;0
19-6-2017;25;2;0
20-6-2017;25;3;0
21-6-2017;25;4;0
22-6-2017;25;5;0
23-6-2017;25;6;0
24-6-2017;25;7;0
25-6-2017;26;1;0
26-6-2017;26;2;0
27-6-2017;26;3;0
28-6-2017;26;4;0
29-6-2017;26;5;0
30-6-2017;26;6;0
1-7-2017;26;7;0
2-7-2017;27;1;0
3-7-2017;27;2;0
4-7-2017;27;3;0
5-7-2017;27;4;0
6-7-2017;27;5;0
7-7-2017;27;6;0
8-7-2017;27;7;0
9-7-2017;28;1;0
10-7-2017;28;2;0
11-7-2017;28;3;0
12-7-2017;28;4;0
13-7-2017;28;5;0
14-7-2017;28;6;0
15-7-2017;28;7;0
16-7-2017;29;1;0
17-7-2017;29;2;0
18-7-2017;29;3;0
19-7-2017;29;4;0
20-7-2017;29;5;0
21-7-2017;29;6;0
22-7-2017;29;7;1
23-7-2017;30;1;1
24-7-2017;30;2;1
25-7-2017;30;3;1
26-7-2017;30;4;1
27-7-2017;30;5;1
28-7-2017;30;6;1
29-7-2017;30;7;1
30-7-2017;31;1;1
31-7-2017;31;2;1
1-8-2017;31;3;1
2-8-2017;31;4;1
3-8-2017;31;5;1
4-8-2017;31;6;1
5-8-2017;31;7;1
6-8-2017;32;1;1
7-8-2017;32;2;1
8-8-2017;32;3;1
9-8-2017;32;4;1
10-8-2017;32;5;1
11-8-2017;32;6;1
12-8-2017;32;7;1
13-8-2017;33;1;1
14-8-2017;33;2;1
15-8-2017;33;3;1
16-8-2017;33;4;1
17-8-2017;33;5;1
18-8-2017;33;6;1
19-8-2017;33;7;1
20-8-2017;34;1;1
21-8-2017;34;2;1
22-8-2017;34;3;1
23-8-2017;34;4;1
24-8-2017;34;5;1
25-8-2017;34;6;1
26-8-2017;34;7;1
27-8-2017;35;1;1
28-8-2017;35;2;1
29-8-2017;35;3;1
30-8-2017;35;4;1
31-8-2017;35;5;1
1-9-2017;35;6;1
2-9-2017;35;7;1
3-9-2017;36;1;1
4-9-2017;36;2;0
5-9-2017;36;3;0
6-9-2017;36;4;0
7-9-2017;36;5;0
8-9-2017;36;6;0
9-9-2017;36;7;0
10-9-2017;37;1;0
11-9-2017;37;2;0
12-9-2017;37;3;0
13-9-2017;37;4;0
14-9-2017;37;5;0
15-9-2017;37;6;0
16-9-2017;37;7;0
17-9-2017;38;1;0
18-9-2017;38;2;0
19-9-2017;38;3;0
20-9-2017;38;4;0
21-9-2017;38;5;0
22-9-2017;38;6;0
23-9-2017;38;7;0
24-9-2017;39;1;0
25-9-2017;39;2;0
26-9-2017;39;3;0
27-9-2017;39;4;0
28-9-2017;39;5;0
29-9-2017;39;6;0
30-9-2017;39;7;0
1-10-2017;40;1;0
2-10-2017;40;2;0
3-10-2017;40;3;0
4-10-2017;40;4;0
5-10-2017;40;5;0
6-10-2017;40;6;0
7-10-2017;40;7;0
8-10-2017;41;1;0
9-10-2017;41;2;0
10-10-2017;41;3;0
11-10-2017;41;4;0
12-10-2017;41;5;0
13-10-2017;41;6;0
14-10-2017;41;7;0
15-10-2017;42;1;0
16-10-2017;42;2;0
17-10-2017;42;3;0
18-10-2017;42;4;0
19-10-2017;42;5;0
20-10-2017;42;6;0
21-10-2017;42;7;1
22-10-2017;43;1;1
23-10-2017;43;2;1
24-10-2017;43;3;1
25-10-2017;43;4;1
26-10-2017;43;5;1
27-10-2017;43;6;1
28-10-2017;43;7;1
29-10-2017;44;1;1
30-10-2017;44;2;0
31-10-2017;44;3;0
1-11-2017;44;4;0
2-11-2017;44;5;0
3-11-2017;44;6;0
4-11-2017;44;7;0
5-11-2017;45;1;0
6-11-2017;45;2;0
7-11-2017;45;3;0
8-11-2017;45;4;0
9-11-2017;45;5;0
10-11-2017;45;6;0
11-11-2017;45;7;0
12-11-2017;46;1;0
13-11-2017;46;2;0
14-11-2017;46;3;0
15-11-2017;46;4;0
16-11-2017;46;5;0
17-11-2017;46;6;0
18-11-2017;46;7;0
19-11-2017;47;1;0
20-11-2017;47;2;0
21-11-2017;47;3;0
22-11-2017;47;4;0
23-11-2017;47;5;0
24-11-2017;47;6;0
25-11-2017;47;7;0
26-11-2017;48;1;0
27-11-2017;48;2;0
28-11-2017;48;3;0
29-11-2017;48;4;0
30-11-2017;48;5;0
1-12-2017;48;6;0
2-12-2017;48;7;0
3-12-2017;49;1;0
4-12-2017;49;2;0
5-12-2017;49;3;0
6-12-2017;49;4;0
7-12-2017;49;5;0
8-12-2017;49;6;0
9-12-2017;49;7;0
10-12-2017;50;1;0
11-12-2017;50;2;0
12-12-2017;50;3;0
13-12-2017;50;4;0
14-12-2017;50;5;0
15-12-2017;50;6;0
16-12-2017;50;7;0
17-12-2017;51;1;0
18-12-2017;51;2;0
19-12-2017;51;3;0
20-12-2017;51;4;0
21-12-2017;51;5;0
22-12-2017;51;6;0
23-12-2017;51;7;1
24-12-2017;52;1;1
25-12-2017;52;2;1
26-12-2017;52;3;1
27-12-2017;52;4;1
28-12-2017;52;5;1
29-12-2017;52;6;1
30-12-2017;52;7;1
31-12-2017;53;1;1
1-1-2018;1;2;1
2-1-2018;1;3;1
3-1-2018;1;4;1
4-1-2018;1;5;1
5-1-2018;1;6;1
6-1-2018;1;7;1
7-1-2018;2;1;1
8-1-2018;2;2;0
9-1-2018;2;3;0
10-1-2018;2;4;0
11-1-2018;2;5;0
12-1-2018;2;6;0
13-1-2018;2;7;0
14-1-2018;3;1;0
15-1-2018;3;2;0
16-1-2018;3;3;0
17-1-2018;3;4;0
18-1-2018;3;5;0
19-1-2018;3;6;0
20-1-2018;3;7;0
21-1-2018;4;1;0
22-1-2018;4;2;0
23-1-2018;4;3;0
24-1-2018;4;4;0
25-1-2018;4;5;0
26-1-2018;4;6;0
27-1-2018;4;7;0
28-1-2018;5;1;0
29-1-2018;5;2;0
30-1-2018;5;3;0
31-1-2018;5;4;0
1-2-2018;5;5;0
2-2-2018;5;6;0
3-2-2018;5;7;0
4-2-2018;6;1;0
5-2-2018;6;2;0
6-2-2018;6;3;0
7-2-2018;6;4;0
8-2-2018;6;5;0
9-2-2018;6;6;0
10-2-2018;6;7;0
11-2-2018;7;1;0
12-2-2018;7;2;0
13-2-2018;7;3;0
14-2-2018;7;4;0
15-2-2018;7;5;0
16-2-2018;7;6;0
17-2-2018;7;7;0
18-2-2018;8;1;0
19-2-2018;8;2;0
20-2-2018;8;3;0
21-2-2018;8;4;0
22-2-2018;8;5;0
23-2-2018;8;6;0
24-2-2018;8;7;1
25-2-2018;9;1;1
26-2-2018;9;2;1
27-2-2018;9;3;1
28-2-2018;9;4;1
1-3-2018;9;5;1
2-3-2018;9;6;1
3-3-2018;9;7;1
4-3-2018;10;1;1
5-3-2018;10;2;0
6-3-2018;10;3;0
7-3-2018;10;4;0
8-3-2018;10;5;0
9-3-2018;10;6;0
10-3-2018;10;7;0
11-3-2018;11;1;0
12-3-2018;11;2;0
13-3-2018;11;3;0
14-3-2018;11;4;0
15-3-2018;11;5;0
16-3-2018;11;6;0
17-3-2018;11;7;0
18-3-2018;12;1;0
19-3-2018;12;2;0
20-3-2018;12;3;0
21-3-2018;12;4;0
22-3-2018;12;5;0
23-3-2018;12;6;0
24-3-2018;12;7;0
25-3-2018;13;1;0
26-3-2018;13;2;0
27-3-2018;13;3;0
28-3-2018;13;4;0
29-3-2018;13;5;0
30-3-2018;13;6;0
31-3-2018;13;7;0
1-4-2018;14;1;0
2-4-2018;14;2;0
3-4-2018;14;3;0
4-4-2018;14;4;0
5-4-2018;14;5;0
6-4-2018;14;6;0
7-4-2018;14;7;0
8-4-2018;15;1;0
9-4-2018;15;2;0
10-4-2018;15;3;0
11-4-2018;15;4;0
12-4-2018;15;5;0
13-4-2018;15;6;0
14-4-2018;15;7;0
15-4-2018;16;1;0
16-4-2018;16;2;0
17-4-2018;16;3;0
18-4-2018;16;4;0
19-4-2018;16;5;0
20-4-2018;16;6;0
21-4-2018;16;7;0
22-4-2018;17;1;0
23-4-2018;17;2;0
24-4-2018;17;3;0
25-4-2018;17;4;0
26-4-2018;17;5;0
27-4-2018;17;6;0
28-4-2018;17;7;1
29-4-2018;18;1;1
30-4-2018;18;2;1
1-5-2018;18;3;1
2-5-2018;18;4;1
3-5-2018;18;5;1
4-5-2018;18;6;1
5-5-2018;18;7;1
6-5-2018;19;1;1
7-5-2018;19;2;0
8-5-2018;19;3;0
9-5-2018;19;4;0
10-5-2018;19;5;0
11-5-2018;19;6;0
12-5-2018;19;7;0
13-5-2018;20;1;0
14-5-2018;20;2;0
15-5-2018;20;3;0
16-5-2018;20;4;0
17-5-2018;20;5;0
18-5-2018;20;6;0
19-5-2018;20;7;0
20-5-2018;21;1;0
21-5-2018;21;2;0
22-5-2018;21;3;0
23-5-2018;21;4;0
24-5-2018;21;5;0
25-5-2018;21;6;0
26-5-2018;21;7;0
27-5-2018;22;1;0
28-5-2018;22;2;0
29-5-2018;22;3;0
30-5-2018;22;4;0
31-5-2018;22;5;0
1-6-2018;22;6;0
2-6-2018;22;7;0
3-6-2018;23;1;0
4-6-2018;23;2;0
5-6-2018;23;3;0
6-6-2018;23;4;0
7-6-2018;23;5;0
8-6-2018;23;6;0
9-6-2018;23;7;0
10-6-2018;24;1;0
11-6-2018;24;2;0
12-6-2018;24;3;0
13-6-2018;24;4;0
14-6-2018;24;5;0
15-6-2018;24;6;0
16-6-2018;24;7;0
17-6-2018;25;1;0
18-6-2018;25;2;0
19-6-2018;25;3;0
20-6-2018;25;4;0
21-6-2018;25;5;0
22-6-2018;25;6;0
23-6-2018;25;7;0
24-6-2018;26;1;0
25-6-2018;26;2;0
26-6-2018;26;3;0
27-6-2018;26;4;0
28-6-2018;26;5;0
29-6-2018;26;6;0
30-6-2018;26;7;0
1-7-2018;27;1;0
2-7-2018;27;2;0
3-7-2018;27;3;0
4-7-2018;27;4;0
5-7-2018;27;5;0
6-7-2018;27;6;0
7-7-2018;27;7;0
8-7-2018;28;1;0
9-7-2018;28;2;0
10-7-2018;28;3;0
11-7-2018;28;4;0
12-7-2018;28;5;0
13-7-2018;28;6;0
14-7-2018;28;7;0
15-7-2018;29;1;0
16-7-2018;29;2;0
17-7-2018;29;3;0
18-7-2018;29;4;0
19-7-2018;29;5;0
20-7-2018;29;6;0
21-7-2018;29;7;1
22-7-2018;30;1;1
23-7-2018;30;2;1
24-7-2018;30;3;1
25-7-2018;30;4;1
26-7-2018;30;5;1
27-7-2018;30;6;1
28-7-2018;30;7;1
29-7-2018;31;1;1
30-7-2018;31;2;1
31-7-2018;31;3;1
1-8-2018;31;4;1
2-8-2018;31;5;1
3-8-2018;31;6;1
4-8-2018;31;7;1
5-8-2018;32;1;1
6-8-2018;32;2;1
7-8-2018;32;3;1
8-8-2018;32;4;1
9-8-2018;32;5;1
10-8-2018;32;6;1
11-8-2018;32;7;1
12-8-2018;33;1;1
13-8-2018;33;2;1
14-8-2018;33;3;1
15-8-2018;33;4;1
16-8-2018;33;5;1
17-8-2018;33;6;1
18-8-2018;33;7;1
19-8-2018;34;1;1
20-8-2018;34;2;1
21-8-2018;34;3;1
22-8-2018;34;4;1
23-8-2018;34;5;1
24-8-2018;34;6;1
25-8-2018;34;7;1
26-8-2018;35;1;1
27-8-2018;35;2;1
28-8-2018;35;3;1
29-8-2018;35;4;1
30-8-2018;35;5;1
31-8-2018;35;6;1
1-9-2018;35;7;1
2-9-2018;36;1;1
3-9-2018;36;2;0
4-9-2018;36;3;0
5-9-2018;36;4;0
6-9-2018;36;5;0
7-9-2018;36;6;0
8-9-2018;36;7;0
9-9-2018;37;1;0
10-9-2018;37;2;0
11-9-2018;37;3;0
12-9-2018;37;4;0
13-9-2018;37;5;0
14-9-2018;37;6;0
15-9-2018;37;7;0
16-9-2018;38;1;0
17-9-2018;38;2;0
18-9-2018;38;3;0
19-9-2018;38;4;0
20-9-2018;38;5;0
21-9-2018;38;6;0
22-9-2018;38;7;0
23-9-2018;39;1;0
24-9-2018;39;2;0
25-9-2018;39;3;0
26-9-2018;39;4;0
27-9-2018;39;5;0
28-9-2018;39;6;0
29-9-2018;39;7;0
30-9-2018;40;1;0
1-10-2018;40;2;0
2-10-2018;40;3;0
3-10-2018;40;4;0
4-10-2018;40;5;0
5-10-2018;40;6;0
6-10-2018;40;7;0
7-10-2018;41;1;0
8-10-2018;41;2;0
9-10-2018;41;3;0
10-10-2018;41;4;0
11-10-2018;41;5;0
12-10-2018;41;6;0
13-10-2018;41;7;0
14-10-2018;42;1;0
15-10-2018;42;2;0
16-10-2018;42;3;0
17-10-2018;42;4;0
18-10-2018;42;5;0
19-10-2018;42;6;0
20-10-2018;42;7;1
21-10-2018;43;1;1
22-10-2018;43;2;1
23-10-2018;43;3;1
24-10-2018;43;4;1
25-10-2018;43;5;1
26-10-2018;43;6;1
27-10-2018;43;7;1
28-10-2018;44;1;1
29-10-2018;44;2;0
30-10-2018;44;3;0
31-10-2018;44;4;0
1-11-2018;44;5;0
2-11-2018;44;6;0
3-11-2018;44;7;0
4-11-2018;45;1;0
5-11-2018;45;2;0
6-11-2018;45;3;0
7-11-2018;45;4;0
8-11-2018;45;5;0
9-11-2018;45;6;0
10-11-2018;45;7;0
11-11-2018;46;1;0
12-11-2018;46;2;0
13-11-2018;46;3;0
14-11-2018;46;4;0
15-11-2018;46;5;0
16-11-2018;46;6;0
17-11-2018;46;7;0
18-11-2018;47;1;0
19-11-2018;47;2;0
20-11-2018;47;3;0
21-11-2018;47;4;0
22-11-2018;47;5;0
23-11-2018;47;6;0
24-11-2018;47;7;0
25-11-2018;48;1;0
26-11-2018;48;2;0
27-11-2018;48;3;0
28-11-2018;48;4;0
29-11-2018;48;5;0
30-11-2018;48;6;0
1-12-2018;48;7;0
2-12-2018;49;1;0
3-12-2018;49;2;0
4-12-2018;49;3;0
5-12-2018;49;4;0
6-12-2018;49;5;0
7-12-2018;49;6;0
8-12-2018;49;7;0
9-12-2018;50;1;0
10-12-2018;50;2;0
11-12-2018;50;3;0
12-12-2018;50;4;0
13-12-2018;50;5;0
14-12-2018;50;6;0
15-12-2018;50;7;0
16-12-2018;51;1;0
17-12-2018;51;2;0
18-12-2018;51;3;0
19-12-2018;51;4;0
20-12-2018;51;5;0
21-12-2018;51;6;0
22-12-2018;51;7;1
23-12-2018;52;1;1
24-12-2018;52;2;1
25-12-2018;52;3;1
26-12-2018;52;4;1
27-12-2018;52;5;1
28-12-2018;52;6;1
29-12-2018;52;7;1
30-12-2018;53;1;1
31-12-2018;53;2;1
1-1-2019;1;3;1
2-1-2019;1;4;1
3-1-2019;1;5;1
4-1-2019;1;6;1
5-1-2019;1;7;1
6-1-2019;2;1;1
7-1-2019;2;2;0
8-1-2019;2;3;0
9-1-2019;2;4;0
10-1-2019;2;5;0
11-1-2019;2;6;0
12-1-2019;2;7;0
13-1-2019;3;1;0
14-1-2019;3;2;0
15-1-2019;3;3;0
16-1-2019;3;4;0
17-1-2019;3;5;0
18-1-2019;3;6;0
19-1-2019;3;7;0
20-1-2019;4;1;0
21-1-2019;4;2;0
22-1-2019;4;3;0
23-1-2019;4;4;0
24-1-2019;4;5;0
25-1-2019;4;6;0
26-1-2019;4;7;0
27-1-2019;5;1;0
28-1-2019;5;2;0
29-1-2019;5;3;0
30-1-2019;5;4;0
31-1-2019;5;5;0
1-2-2019;5;6;0
2-2-2019;5;7;0
3-2-2019;6;1;0
4-2-2019;6;2;0
5-2-2019;6;3;0
6-2-2019;6;4;0
7-2-2019;6;5;0
8-2-2019;6;6;0
9-2-2019;6;7;0
10-2-2019;7;1;0
11-2-2019;7;2;0
12-2-2019;7;3;0
13-2-2019;7;4;0
14-2-2019;7;5;0
15-2-2019;7;6;0
16-2-2019;7;7;1
17-2-2019;8;1;1
18-2-2019;8;2;1
19-2-2019;8;3;1
20-2-2019;8;4;1
21-2-2019;8;5;1
22-2-2019;8;6;1
23-2-2019;8;7;1
24-2-2019;9;1;1
25-2-2019;9;2;0
26-2-2019;9;3;0
27-2-2019;9;4;0
28-2-2019;9;5;0
1-3-2019;9;6;0
2-3-2019;9;7;0
3-3-2019;10;1;0
4-3-2019;10;2;0
5-3-2019;10;3;0
6-3-2019;10;4;0
7-3-2019;10;5;0
8-3-2019;10;6;0
9-3-2019;10;7;0
10-3-2019;11;1;0
11-3-2019;11;2;0
12-3-2019;11;3;0
13-3-2019;11;4;0
14-3-2019;11;5;0
15-3-2019;11;6;0
16-3-2019;11;7;0
17-3-2019;12;1;0
18-3-2019;12;2;0
19-3-2019;12;3;0
20-3-2019;12;4;0
21-3-2019;12;5;0
22-3-2019;12;6;0
23-3-2019;12;7;0
24-3-2019;13;1;0
25-3-2019;13;2;0
26-3-2019;13;3;0
27-3-2019;13;4;0
28-3-2019;13;5;0
29-3-2019;13;6;0
30-3-2019;13;7;0
31-3-2019;14;1;0
1-4-2019;14;2;0
2-4-2019;14;3;0
3-4-2019;14;4;0
4-4-2019;14;5;0
5-4-2019;14;6;0
6-4-2019;14;7;0
7-4-2019;15;1;0
8-4-2019;15;2;0
9-4-2019;15;3;0
10-4-2019;15;4;0
11-4-2019;15;5;0
12-4-2019;15;6;0
13-4-2019;15;7;0
14-4-2019;16;1;0
15-4-2019;16;2;0
16-4-2019;16;3;0
17-4-2019;16;4;0
18-4-2019;16;5;0
19-4-2019;16;6;0
20-4-2019;16;7;0
21-4-2019;17;1;0
22-4-2019;17;2;0
23-4-2019;17;3;0
24-4-2019;17;4;0
25-4-2019;17;5;0
26-4-2019;17;6;0
27-4-2019;17;7;1
28-4-2019;18;1;1
29-4-2019;18;2;1
30-4-2019;18;3;1
1-5-2019;18;4;1
2-5-2019;18;5;1
3-5-2019;18;6;1
4-5-2019;18;7;1
5-5-2019;19;1;1
6-5-2019;19;2;0
7-5-2019;19;3;0
8-5-2019;19;4;0
9-5-2019;19;5;0
10-5-2019;19;6;0
11-5-2019;19;7;0
12-5-2019;20;1;0
13-5-2019;20;2;0
14-5-2019;20;3;0
15-5-2019;20;4;0
16-5-2019;20;5;0
17-5-2019;20;6;0
18-5-2019;20;7;0
19-5-2019;21;1;0
20-5-2019;21;2;0
21-5-2019;21;3;0
22-5-2019;21;4;0
23-5-2019;21;5;0
24-5-2019;21;6;0
25-5-2019;21;7;0
26-5-2019;22;1;0
27-5-2019;22;2;0
28-5-2019;22;3;0
29-5-2019;22;4;0
30-5-2019;22;5;0
31-5-2019;22;6;0
1-6-2019;22;7;0
2-6-2019;23;1;0
3-6-2019;23;2;0
4-6-2019;23;3;0
5-6-2019;23;4;0
6-6-2019;23;5;0
7-6-2019;23;6;0
8-6-2019;23;7;0
9-6-2019;24;1;0
10-6-2019;24;2;0
11-6-2019;24;3;0
12-6-2019;24;4;0
13-6-2019;24;5;0
14-6-2019;24;6;0
15-6-2019;24;7;0
16-6-2019;25;1;0
17-6-2019;25;2;0
18-6-2019;25;3;0
19-6-2019;25;4;0
20-6-2019;25;5;0
21-6-2019;25;6;0
22-6-2019;25;7;0
23-6-2019;26;1;0
24-6-2019;26;2;0
25-6-2019;26;3;0
26-6-2019;26;4;0
27-6-2019;26;5;0
28-6-2019;26;6;0
29-6-2019;26;7;0
30-6-2019;27;1;0
1-7-2019;27;2;0
2-7-2019;27;3;0
3-7-2019;27;4;0
4-7-2019;27;5;0
5-7-2019;27;6;0
6-7-2019;27;7;0
7-7-2019;28;1;0
8-7-2019;28;2;0
9-7-2019;28;3;0
10-7-2019;28;4;0
11-7-2019;28;5;0
12-7-2019;28;6;0
13-7-2019;28;7;1
14-7-2019;29;1;1
15-7-2019;29;2;1
16-7-2019;29;3;1
17-7-2019;29;4;1
18-7-2019;29;5;1
19-7-2019;29;6;1
20-7-2019;29;7;1
21-7-2019;30;1;1
22-7-2019;30;2;1
23-7-2019;30;3;1
24-7-2019;30;4;1
25-7-2019;30;5;1
26-7-2019;30;6;1
27-7-2019;30;7;1
28-7-2019;31;1;1
29-7-2019;31;2;1
30-7-2019;31;3;1
31-7-2019;31;4;1
1-8-2019;31;5;1
2-8-2019;31;6;1
3-8-2019;31;7;1
4-8-2019;32;1;1
5-8-2019;32;2;1
6-8-2019;32;3;1
7-8-2019;32;4;1
8-8-2019;32;5;1
9-8-2019;32;6;1
10-8-2019;32;7;1
11-8-2019;33;1;1
12-8-2019;33;2;1
13-8-2019;33;3;1
14-8-2019;33;4;1
15-8-2019;33;5;1
16-8-2019;33;6;1
17-8-2019;33;7;1
18-8-2019;34;1;1
19-8-2019;34;2;1
20-8-2019;34;3;1
21-8-2019;34;4;1
22-8-2019;34;5;1
23-8-2019;34;6;1
24-8-2019;34;7;1
25-8-2019;35;1;1
26-8-2019;35;2;0
27-8-2019;35;3;0
28-8-2019;35;4;0
29-8-2019;35;5;0
30-8-2019;35;6;0
31-8-2019;35;7;0
1-9-2019;36;1;0
2-9-2019;36;2;0
3-9-2019;36;3;0
4-9-2019;36;4;0
5-9-2019;36;5;0
6-9-2019;36;6;0
7-9-2019;36;7;0
8-9-2019;37;1;0
9-9-2019;37;2;0
10-9-2019;37;3;0
11-9-2019;37;4;0
12-9-2019;37;5;0
13-9-2019;37;6;0
14-9-2019;37;7;0
15-9-2019;38;1;0
16-9-2019;38;2;0
17-9-2019;38;3;0
18-9-2019;38;4;0
19-9-2019;38;5;0
20-9-2019;38;6;0
21-9-2019;38;7;0
22-9-2019;39;1;0
23-9-2019;39;2;0
24-9-2019;39;3;0
25-9-2019;39;4;0
26-9-2019;39;5;0
27-9-2019;39;6;0
28-9-2019;39;7;0
29-9-2019;40;1;0
30-9-2019;40;2;0
1-10-2019;40;3;0
2-10-2019;40;4;0
3-10-2019;40;5;0
4-10-2019;40;6;0
5-10-2019;40;7;0
6-10-2019;41;1;0
7-10-2019;41;2;0
8-10-2019;41;3;0
9-10-2019;41;4;0
10-10-2019;41;5;0
11-10-2019;41;6;0
12-10-2019;41;7;0
13-10-2019;42;1;0
14-10-2019;42;2;0
15-10-2019;42;3;0
16-10-2019;42;4;0
17-10-2019;42;5;0
18-10-2019;42;6;0
19-10-2019;42;7;1
20-10-2019;43;1;1
21-10-2019;43;2;1
22-10-2019;43;3;1
23-10-2019;43;4;1
24-10-2019;43;5;1
25-10-2019;43;6;1
26-10-2019;43;7;1
27-10-2019;44;1;1
28-10-2019;44;2;0
29-10-2019;44;3;0
30-10-2019;44;4;0
31-10-2019;44;5;0
1-11-2019;44;6;0
2-11-2019;44;7;0
3-11-2019;45;1;0
4-11-2019;45;2;0
5-11-2019;45;3;0
6-11-2019;45;4;0
7-11-2019;45;5;0
8-11-2019;45;6;0
9-11-2019;45;7;0
10-11-2019;46;1;0
11-11-2019;46;2;0
12-11-2019;46;3;0
13-11-2019;46;4;0
14-11-2019;46;5;0
15-11-2019;46;6;0
16-11-2019;46;7;0
17-11-2019;47;1;0
18-11-2019;47;2;0
19-11-2019;47;3;0
20-11-2019;47;4;0
21-11-2019;47;5;0
22-11-2019;47;6;0
23-11-2019;47;7;0
24-11-2019;48;1;0
25-11-2019;48;2;0
26-11-2019;48;3;0
27-11-2019;48;4;0
28-11-2019;48;5;0
29-11-2019;48;6;0
30-11-2019;48;7;0
1-12-2019;49;1;0
2-12-2019;49;2;0
3-12-2019;49;3;0
4-12-2019;49;4;0
5-12-2019;49;5;0
6-12-2019;49;6;0
7-12-2019;49;7;0
8-12-2019;50;1;0
9-12-2019;50;2;0
10-12-2019;50;3;0
11-12-2019;50;4;0
12-12-2019;50;5;0
13-12-2019;50;6;0
14-12-2019;50;7;0
15-12-2019;51;1;0
16-12-2019;51;2;0
17-12-2019;51;3;0
18-12-2019;51;4;0
19-12-2019;51;5;0
20-12-2019;51;6;0
21-12-2019;51;7;1
22-12-2019;52;1;1
23-12-2019;52;2;1
24-12-2019;52;3;1
25-12-2019;52;4;1
26-12-2019;52;5;1
27-12-2019;52;6;1
28-12-2019;52;7;1
29-12-2019;53;1;1
30-12-2019;53;2;1
31-12-2019;53;3;1
1-1-2020;1;4;1
2-1-2020;1;5;1
3-1-2020;1;6;1
4-1-2020;1;7;1
5-1-2020;2;1;1
6-1-2020;2;2;0
7-1-2020;2;3;0
8-1-2020;2;4;0
9-1-2020;2;5;0
10-1-2020;2;6;0
11-1-2020;2;7;0
12-1-2020;3;1;0
13-1-2020;3;2;0
14-1-2020;3;3;0
15-1-2020;3;4;0
16-1-2020;3;5;0
17-1-2020;3;6;0
18-1-2020;3;7;0
19-1-2020;4;1;0
20-1-2020;4;2;0
21-1-2020;4;3;0
22-1-2020;4;4;0
23-1-2020;4;5;0
24-1-2020;4;6;0
25-1-2020;4;7;0
26-1-2020;5;1;0
27-1-2020;5;2;0
28-1-2020;5;3;0
29-1-2020;5;4;0
30-1-2020;5;5;0
31-1-2020;5;6;0
1-2-2020;5;7;0
2-2-2020;6;1;0
3-2-2020;6;2;0
4-2-2020;6;3;0
5-2-2020;6;4;0
6-2-2020;6;5;0
7-2-2020;6;6;0
8-2-2020;6;7;0
9-2-2020;7;1;0
10-2-2020;7;2;0
11-2-2020;7;3;0
12-2-2020;7;4;0
13-2-2020;7;5;0
14-2-2020;7;6;0
15-2-2020;7;7;1
16-2-2020;8;1;1
17-2-2020;8;2;1
18-2-2020;8;3;1
19-2-2020;8;4;1
20-2-2020;8;5;1
21-2-2020;8;6;1
22-2-2020;8;7;1
23-2-2020;9;1;1
24-2-2020;9;2;0
25-2-2020;9;3;0
26-2-2020;9;4;0
27-2-2020;9;5;0
28-2-2020;9;6;0
29-2-2020;9;7;0
1-3-2020;10;1;0
2-3-2020;10;2;0
3-3-2020;10;3;0
4-3-2020;10;4;0
5-3-2020;10;5;0
6-3-2020;10;6;0
7-3-2020;10;7;0
8-3-2020;11;1;0
9-3-2020;11;2;0
10-3-2020;11;3;0
11-3-2020;11;4;0
12-3-2020;11;5;0
13-3-2020;11;6;0
14-3-2020;11;7;0
15-3-2020;12;1;0
16-3-2020;12;2;0
17-3-2020;12;3;0
18-3-2020;12;4;0
19-3-2020;12;5;0
20-3-2020;12;6;0
21-3-2020;12;7;0
22-3-2020;13;1;0
23-3-2020;13;2;0
24-3-2020;13;3;0
25-3-2020;13;4;0
26-3-2020;13;5;0
27-3-2020;13;6;0
28-3-2020;13;7;0
29-3-2020;14;1;0
30-3-2020;14;2;0
31-3-2020;14;3;0
1-4-2020;14;4;0
2-4-2020;14;5;0
3-4-2020;14;6;0
4-4-2020;14;7;0
5-4-2020;15;1;0
6-4-2020;15;2;0
7-4-2020;15;3;0
8-4-2020;15;4;0
9-4-2020;15;5;0
10-4-2020;15;6;0
11-4-2020;15;7;0
12-4-2020;16;1;0
13-4-2020;16;2;0
14-4-2020;16;3;0
15-4-2020;16;4;0
16-4-2020;16;5;0
17-4-2020;16;6;0
18-4-2020;16;7;0
19-4-2020;17;1;0
20-4-2020;17;2;0
21-4-2020;17;3;0
22-4-2020;17;4;0
23-4-2020;17;5;0
24-4-2020;17;6;0
25-4-2020;17;7;1
26-4-2020;18;1;1
27-4-2020;18;2;1
28-4-2020;18;3;1
29-4-2020;18;4;1
30-4-2020;18;5;1
1-5-2020;18;6;1
2-5-2020;18;7;1
3-5-2020;19;1;1
4-5-2020;19;2;0
5-5-2020;19;3;0
6-5-2020;19;4;0
7-5-2020;19;5;0
8-5-2020;19;6;0
9-5-2020;19;7;0
10-5-2020;20;1;0
11-5-2020;20;2;0
12-5-2020;20;3;0
13-5-2020;20;4;0
14-5-2020;20;5;0
15-5-2020;20;6;0
16-5-2020;20;7;0
17-5-2020;21;1;0
18-5-2020;21;2;0
19-5-2020;21;3;0
20-5-2020;21;4;0
21-5-2020;21;5;0
22-5-2020;21;6;0
23-5-2020;21;7;0
24-5-2020;22;1;0
25-5-2020;22;2;0
26-5-2020;22;3;0
27-5-2020;22;4;0
28-5-2020;22;5;0
29-5-2020;22;6;0
30-5-2020;22;7;0
31-5-2020;23;1;0
1-6-2020;23;2;0
2-6-2020;23;3;0
3-6-2020;23;4;0
4-6-2020;23;5;0
5-6-2020;23;6;0
6-6-2020;23;7;0
7-6-2020;24;1;0
8-6-2020;24;2;0
9-6-2020;24;3;0
10-6-2020;24;4;0
11-6-2020;24;5;0
12-6-2020;24;6;0
13-6-2020;24;7;0
14-6-2020;25;1;0
15-6-2020;25;2;0
16-6-2020;25;3;0
17-6-2020;25;4;0
18-6-2020;25;5;0
19-6-2020;25;6;0
20-6-2020;25;7;0
21-6-2020;26;1;0
22-6-2020;26;2;0
23-6-2020;26;3;0
24-6-2020;26;4;0
25-6-2020;26;5;0
26-6-2020;26;6;0
27-6-2020;26;7;0
28-6-2020;27;1;0
29-6-2020;27;2;0
30-6-2020;27;3;0
1-7-2020;27;4;0
2-7-2020;27;5;0
3-7-2020;27;6;0
4-7-2020;27;7;1
5-7-2020;28;1;1
6-7-2020;28;2;1
7-7-2020;28;3;1
8-7-2020;28;4;1
9-7-2020;28;5;1
10-7-2020;28;6;1
11-7-2020;28;7;1
12-7-2020;29;1;1
13-7-2020;29;2;1
14-7-2020;29;3;1
15-7-2020;29;4;1
16-7-2020;29;5;1
17-7-2020;29;6;1
18-7-2020;29;7;1
19-7-2020;30;1;1
20-7-2020;30;2;1
21-7-2020;30;3;1
22-7-2020;30;4;1
23-7-2020;30;5;1
24-7-2020;30;6;1
25-7-2020;30;7;1
26-7-2020;31;1;1
27-7-2020;31;2;1
28-7-2020;31;3;1
29-7-2020;31;4;1
30-7-2020;31;5;1
31-7-2020;31;6;1
1-8-2020;31;7;1
2-8-2020;32;1;1
3-8-2020;32;2;1
4-8-2020;32;3;1
5-8-2020;32;4;1
6-8-2020;32;5;1
7-8-2020;32;6;1
8-8-2020;32;7;1
9-8-2020;33;1;1
10-8-2020;33;2;1
11-8-2020;33;3;1
12-8-2020;33;4;1
13-8-2020;33;5;1
14-8-2020;33;6;1
15-8-2020;33;7;1
16-8-2020;34;1;1
17-8-2020;34;2;0
18-8-2020;34;3;0
19-8-2020;34;4;0
20-8-2020;34;5;0
21-8-2020;34;6;0
22-8-2020;34;7;0
23-8-2020;35;1;0
24-8-2020;35;2;0
25-8-2020;35;3;0
26-8-2020;35;4;0
27-8-2020;35;5;0
28-8-2020;35;6;0
29-8-2020;35;7;0
30-8-2020;36;1;0
31-8-2020;36;2;0
1-9-2020;36;3;0
2-9-2020;36;4;0
3-9-2020;36;5;0
4-9-2020;36;6;0
5-9-2020;36;7;0
6-9-2020;37;1;0
7-9-2020;37;2;0
8-9-2020;37;3;0
9-9-2020;37;4;0
10-9-2020;37;5;0
11-9-2020;37;6;0
12-9-2020;37;7;0
13-9-2020;38;1;0
14-9-2020;38;2;0
15-9-2020;38;3;0
16-9-2020;38;4;0
17-9-2020;38;5;0
18-9-2020;38;6;0
19-9-2020;38;7;0
20-9-2020;39;1;0
21-9-2020;39;2;0
22-9-2020;39;3;0
23-9-2020;39;4;0
24-9-2020;39;5;0
25-9-2020;39;6;0
26-9-2020;39;7;0
27-9-2020;40;1;0
28-9-2020;40;2;0
29-9-2020;40;3;0
30-9-2020;40;4;0
1-10-2020;40;5;0
2-10-2020;40;6;0
3-10-2020;40;7;0
4-10-2020;41;1;0
5-10-2020;41;2;0
6-10-2020;41;3;0
7-10-2020;41;4;0
8-10-2020;41;5;0
9-10-2020;41;6;0
10-10-2020;41;7;1
11-10-2020;42;1;1
12-10-2020;42;2;1
13-10-2020;42;3;1
14-10-2020;42;4;1
15-10-2020;42;5;1
16-10-2020;42;6;1
17-10-2020;42;7;1
18-10-2020;43;1;1
19-10-2020;43;2;0
20-10-2020;43;3;0
21-10-2020;43;4;0
22-10-2020;43;5;0
23-10-2020;43;6;0
24-10-2020;43;7;0
25-10-2020;44;1;0
26-10-2020;44;2;0
27-10-2020;44;3;0
28-10-2020;44;4;0
29-10-2020;44;5;0
30-10-2020;44;6;0
31-10-2020;44;7;0
1-11-2020;45;1;0
2-11-2020;45;2;0
3-11-2020;45;3;0
4-11-2020;45;4;0
5-11-2020;45;5;0
6-11-2020;45;6;0
7-11-2020;45;7;0
8-11-2020;46;1;0
9-11-2020;46;2;0
10-11-2020;46;3;0
11-11-2020;46;4;0
12-11-2020;46;5;0
13-11-2020;46;6;0
14-11-2020;46;7;0
15-11-2020;47;1;0
16-11-2020;47;2;0
17-11-2020;47;3;0
18-11-2020;47;4;0
19-11-2020;47;5;0
20-11-2020;47;6;0
21-11-2020;47;7;0
22-11-2020;48;1;0
23-11-2020;48;2;0
24-11-2020;48;3;0
25-11-2020;48;4;0
26-11-2020;48;5;0
27-11-2020;48;6;0
28-11-2020;48;7;0
29-11-2020;49;1;0
30-11-2020;49;2;0
1-12-2020;49;3;0
2-12-2020;49;4;0
3-12-2020;49;5;0
4-12-2020;49;6;0
5-12-2020;49;7;0
6-12-2020;50;1;0
7-12-2020;50;2;0
8-12-2020;50;3;0
9-12-2020;50;4;0
10-12-2020;50;5;0
11-12-2020;50;6;0
12-12-2020;50;7;0
13-12-2020;51;1;0
14-12-2020;51;2;0
15-12-2020;51;3;0
16-12-2020;51;4;0
17-12-2020;51;5;0
18-12-2020;51;6;0
19-12-2020;51;7;1
20-12-2020;52;1;1
21-12-2020;52;2;1
22-12-2020;52;3;1
23-12-2020;52;4;1
24-12-2020;52;5;1
25-12-2020;52;6;1
26-12-2020;52;7;1
27-12-2020;53;1;1
28-12-2020;53;2;1
29-12-2020;53;3;1
30-12-2020;53;4;1
31-12-2020;53;5;1
1-1-2021;1;6;1
2-1-2021;1;7;1
3-1-2021;2;1;1
4-1-2021;2;2;0
5-1-2021;2;3;0
6-1-2021;2;4;0
7-1-2021;2;5;0
8-1-2021;2;6;0
9-1-2021;2;7;0
10-1-2021;3;1;0
11-1-2021;3;2;0
12-1-2021;3;3;0
13-1-2021;3;4;0
14-1-2021;3;5;0
15-1-2021;3;6;0
16-1-2021;3;7;0
17-1-2021;4;1;0
18-1-2021;4;2;0
19-1-2021;4;3;0
20-1-2021;4;4;0
21-1-2021;4;5;0
22-1-2021;4;6;0
23-1-2021;4;7;0
24-1-2021;5;1;0
25-1-2021;5;2;0
26-1-2021;5;3;0
27-1-2021;5;4;0
28-1-2021;5;5;0
29-1-2021;5;6;0
30-1-2021;5;7;0
31-1-2021;6;1;0
1-2-2021;6;2;0
2-2-2021;6;3;0
3-2-2021;6;4;0
4-2-2021;6;5;0
5-2-2021;6;6;0
6-2-2021;6;7;0
7-2-2021;7;1;0
8-2-2021;7;2;0
9-2-2021;7;3;0
10-2-2021;7;4;0
11-2-2021;7;5;0
12-2-2021;7;6;0
13-2-2021;7;7;0
14-2-2021;8;1;0
15-2-2021;8;2;0
16-2-2021;8;3;0
17-2-2021;8;4;0
18-2-2021;8;5;0
19-2-2021;8;6;0
20-2-2021;8;7;1
21-2-2021;9;1;1
22-2-2021;9;2;1
23-2-2021;9;3;1
24-2-2021;9;4;1
25-2-2021;9;5;1
26-2-2021;9;6;1
27-2-2021;9;7;1
28-2-2021;10;1;1
1-3-2021;10;2;0
2-3-2021;10;3;0
3-3-2021;10;4;0
4-3-2021;10;5;0
5-3-2021;10;6;0
6-3-2021;10;7;0
7-3-2021;11;1;0
8-3-2021;11;2;0
9-3-2021;11;3;0
10-3-2021;11;4;0
11-3-2021;11;5;0
12-3-2021;11;6;0
13-3-2021;11;7;0
14-3-2021;12;1;0
15-3-2021;12;2;0
16-3-2021;12;3;0
17-3-2021;12;4;0
18-3-2021;12;5;0
19-3-2021;12;6;0
20-3-2021;12;7;0
21-3-2021;13;1;0
22-3-2021;13;2;0
23-3-2021;13;3;0
24-3-2021;13;4;0
25-3-2021;13;5;0
26-3-2021;13;6;0
27-3-2021;13;7;0
28-3-2021;14;1;0
29-3-2021;14;2;0
30-3-2021;14;3;0
31-3-2021;14;4;0
1-4-2021;14;5;0
2-4-2021;14;6;0
3-4-2021;14;7;0
4-4-2021;15;1;0
5-4-2021;15;2;0
6-4-2021;15;3;0
7-4-2021;15;4;0
8-4-2021;15;5;0
9-4-2021;15;6;0
10-4-2021;15;7;0
11-4-2021;16;1;0
12-4-2021;16;2;0
13-4-2021;16;3;0
14-4-2021;16;4;0
15-4-2021;16;5;0
16-4-2021;16;6;0
17-4-2021;16;7;0
18-4-2021;17;1;0
19-4-2021;17;2;0
20-4-2021;17;3;0
21-4-2021;17;4;0
22-4-2021;17;5;0
23-4-2021;17;6;0
24-4-2021;17;7;0
25-4-2021;18;1;0
26-4-2021;18;2;0
27-4-2021;18;3;0
28-4-2021;18;4;0
29-4-2021;18;5;0
30-4-2021;18;6;0
1-5-2021;18;7;1
2-5-2021;19;1;1
3-5-2021;19;2;1
4-5-2021;19;3;1
5-5-2021;19;4;1
6-5-2021;19;5;1
7-5-2021;19;6;1
8-5-2021;19;7;1
9-5-2021;20;1;1
10-5-2021;20;2;0
11-5-2021;20;3;0
12-5-2021;20;4;0
13-5-2021;20;5;0
14-5-2021;20;6;0
15-5-2021;20;7;0
16-5-2021;21;1;0
17-5-2021;21;2;0
18-5-2021;21;3;0
19-5-2021;21;4;0
20-5-2021;21;5;0
21-5-2021;21;6;0
22-5-2021;21;7;0
23-5-2021;22;1;0
24-5-2021;22;2;0
25-5-2021;22;3;0
26-5-2021;22;4;0
27-5-2021;22;5;0
28-5-2021;22;6;0
29-5-2021;22;7;0
30-5-2021;23;1;0
31-5-2021;23;2;0
1-6-2021;23;3;0
2-6-2021;23;4;0
3-6-2021;23;5;0
4-6-2021;23;6;0
5-6-2021;23;7;0
6-6-2021;24;1;0
7-6-2021;24;2;0
8-6-2021;24;3;0
9-6-2021;24;4;0
10-6-2021;24;5;0
11-6-2021;24;6;0
12-6-2021;24;7;0
13-6-2021;25;1;0
14-6-2021;25;2;0
15-6-2021;25;3;0
16-6-2021;25;4;0
17-6-2021;25;5;0
18-6-2021;25;6;0
19-6-2021;25;7;0
20-6-2021;26;1;0
21-6-2021;26;2;0
22-6-2021;26;3;0
23-6-2021;26;4;0
24-6-2021;26;5;0
25-6-2021;26;6;0
26-6-2021;26;7;0
27-6-2021;27;1;0
28-6-2021;27;2;0
29-6-2021;27;3;0
30-6-2021;27;4;0
1-7-2021;27;5;0
2-7-2021;27;6;0
3-7-2021;27;7;0
4-7-2021;28;1;0
5-7-2021;28;2;0
6-7-2021;28;3;0
7-7-2021;28;4;0
8-7-2021;28;5;0
9-7-2021;28;6;0
10-7-2021;28;7;1
11-7-2021;29;1;1
12-7-2021;29;2;1
13-7-2021;29;3;1
14-7-2021;29;4;1
15-7-2021;29;5;1
16-7-2021;29;6;1
17-7-2021;29;7;1
18-7-2021;30;1;1
19-7-2021;30;2;1
20-7-2021;30;3;1
21-7-2021;30;4;1
22-7-2021;30;5;1
23-7-2021;30;6;1
24-7-2021;30;7;1
25-7-2021;31;1;1
26-7-2021;31;2;1
27-7-2021;31;3;1
28-7-2021;31;4;1
29-7-2021;31;5;1
30-7-2021;31;6;1
31-7-2021;31;7;1
1-8-2021;32;1;1
2-8-2021;32;2;1
3-8-2021;32;3;1
4-8-2021;32;4;1
5-8-2021;32;5;1
6-8-2021;32;6;1
7-8-2021;32;7;1
8-8-2021;33;1;1
9-8-2021;33;2;1
10-8-2021;33;3;1
11-8-2021;33;4;1
12-8-2021;33;5;1
13-8-2021;33;6;1
14-8-2021;33;7;1
15-8-2021;34;1;1
16-8-2021;34;2;1
17-8-2021;34;3;1
18-8-2021;34;4;1
19-8-2021;34;5;1
20-8-2021;34;6;1
21-8-2021;34;7;1
22-8-2021;35;1;1
23-8-2021;35;2;0
24-8-2021;35;3;0
25-8-2021;35;4;0
26-8-2021;35;5;0
27-8-2021;35;6;0
28-8-2021;35;7;0
29-8-2021;36;1;0
30-8-2021;36;2;0
31-8-2021;36;3;0
1-9-2021;36;4;0
2-9-2021;36;5;0
3-9-2021;36;6;0
4-9-2021;36;7;0
5-9-2021;37;1;0
6-9-2021;37;2;0
7-9-2021;37;3;0
8-9-2021;37;4;0
9-9-2021;37;5;0
10-9-2021;37;6;0
11-9-2021;37;7;0
12-9-2021;38;1;0
13-9-2021;38;2;0
14-9-2021;38;3;0
15-9-2021;38;4;0
16-9-2021;38;5;0
17-9-2021;38;6;0
18-9-2021;38;7;0
19-9-2021;39;1;0
20-9-2021;39;2;0
21-9-2021;39;3;0
22-9-2021;39;4;0
23-9-2021;39;5;0
24-9-2021;39;6;0
25-9-2021;39;7;0
26-9-2021;40;1;0
27-9-2021;40;2;0
28-9-2021;40;3;0
29-9-2021;40;4;0
30-9-2021;40;5;0
1-10-2021;40;6;0
2-10-2021;40;7;0
3-10-2021;41;1;0
4-10-2021;41;2;0
5-10-2021;41;3;0
6-10-2021;41;4;0
7-10-2021;41;5;0
8-10-2021;41;6;0
9-10-2021;41;7;0
10-10-2021;42;1;0
11-10-2021;42;2;0
12-10-2021;42;3;0
13-10-2021;42;4;0
14-10-2021;42;5;0
15-10-2021;42;6;0
16-10-2021;42;7;1
17-10-2021;43;1;1
18-10-2021;43;2;1
19-10-2021;43;3;1
20-10-2021;43;4;1
21-10-2021;43;5;1
22-10-2021;43;6;1
23-10-2021;43;7;1
24-10-2021;44;1;1
25-10-2021;44;2;0
26-10-2021;44;3;0
27-10-2021;44;4;0
28-10-2021;44;5;0
29-10-2021;44;6;0
30-10-2021;44;7;0
31-10-2021;45;1;0
1-11-2021;45;2;0
2-11-2021;45;3;0
3-11-2021;45;4;0
4-11-2021;45;5;0
5-11-2021;45;6;0
6-11-2021;45;7;0
7-11-2021;46;1;0
8-11-2021;46;2;0
9-11-2021;46;3;0
10-11-2021;46;4;0
11-11-2021;46;5;0
12-11-2021;46;6;0
13-11-2021;46;7;0
14-11-2021;47;1;0
15-11-2021;47;2;0
16-11-2021;47;3;0
17-11-2021;47;4;0
18-11-2021;47;5;0
19-11-2021;47;6;0
20-11-2021;47;7;0
21-11-2021;48;1;0
22-11-2021;48;2;0
23-11-2021;48;3;0
24-11-2021;48;4;0
25-11-2021;48;5;0
26-11-2021;48;6;0
27-11-2021;48;7;0
28-11-2021;49;1;0
29-11-2021;49;2;0
30-11-2021;49;3;0
1-12-2021;49;4;0
2-12-2021;49;5;0
3-12-2021;49;6;0
4-12-2021;49;7;0
5-12-2021;50;1;0
6-12-2021;50;2;0
7-12-2021;50;3;0
8-12-2021;50;4;0
9-12-2021;50;5;0
10-12-2021;50;6;0
11-12-2021;50;7;0
12-12-2021;51;1;0
13-12-2021;51;2;0
14-12-2021;51;3;0
15-12-2021;51;4;0
16-12-2021;51;5;0
17-12-2021;51;6;0
18-12-2021;51;7;0
19-12-2021;52;1;0
20-12-2021;52;2;0
21-12-2021;52;3;0
22-12-2021;52;4;0
23-12-2021;52;5;0
24-12-2021;52;6;0
25-12-2021;52;7;1
26-12-2021;53;1;1
27-12-2021;53;2;1
28-12-2021;53;3;1
29-12-2021;53;4;1
30-12-2021;53;5;1
31-12-2021;53;6;1
